{"1-5-600x285.jpg30805": {"fileref": "", "size": 30805, "filename": "1-5-600x285.jpg", "base64_img_data": "", "file_attributes": {}, "regions": {"0": {"shape_attributes": {"name": "polygon", "all_points_x": [207, 221, 333, 329, 207], "all_points_y": [274, 275, 146, 147, 274]}, "region_attributes": {"name": "Llane"}}, "1": {"shape_attributes": {"name": "polygon", "all_points_x": [54, 61, 85, 103, 118, 145, 168, 177, 178, 177, 169, 158, 143, 119, 105, 93, 90, 86, 84, 63, 54, 50, 54], "all_points_y": [199, 202, 203, 202, 197, 189, 182, 175, 170, 154, 152, 147, 145, 146, 148, 157, 160, 161, 165, 175, 182, 191, 199]}, "region_attributes": {"name": "car"}}, "2": {"shape_attributes": {"name": "polygon", "all_points_x": [419, 424, 439, 460, 464, 468, 466, 461, 462, 457, 453, 444, 425, 418, 414, 412, 408, 409, 419], "all_points_y": [168, 168, 171, 172, 171, 164, 154, 148, 147, 143, 139, 134, 133, 135, 139, 141, 147, 159, 168]}, "region_attributes": {"name": "car"}}, "3": {"shape_attributes": {"name": "polygon", "all_points_x": [495, 516, 520, 530, 559, 584, 588, 584, 573, 570, 565, 553, 525, 510, 497, 494, 488, 488, 489, 492, 495], "all_points_y": [166, 175, 179, 180, 182, 183, 171, 161, 155, 151, 149, 142, 138, 138, 142, 144, 147, 155, 163, 166, 166]}, "region_attributes": {"name": "car"}}, "4": {"shape_attributes": {"name": "polygon", "all_points_x": [398, 403, 386, 383, 398], "all_points_y": [180, 180, 152, 152, 180]}, "region_attributes": {"name": "Slane"}}}}, "99C7D64A5BD15AF415.png572297": {"fileref": "", "size": 572297, "filename": "99C7D64A5BD15AF415.png", "base64_img_data": "", "file_attributes": {}, "regions": {"0": {"shape_attributes": {"name": "polygon", "all_points_x": [341, 348, 345, 341, 341], "all_points_y": [379, 379, 83, 84, 379]}, "region_attributes": {"name": "Llane"}}, "1": {"shape_attributes": {"name": "polygon", "all_points_x": [355, 355, 361, 354, 349, 355], "all_points_y": [380, 380, 381, 84, 85, 380]}, "region_attributes": {"name": "Llane"}}, "2": {"shape_attributes": {"name": "polygon", "all_points_x": [237, 243, 246, 241, 237], "all_points_y": [293, 293, 273, 273, 293]}, "region_attributes": {"name": "Slane"}}, "3": {"shape_attributes": {"name": "polygon", "all_points_x": [248, 244, 247, 251, 248], "all_points_y": [245, 245, 227, 227, 245]}, "region_attributes": {"name": "Slane"}}, "4": {"shape_attributes": {"name": "polygon", "all_points_x": [229, 233, 239, 237, 229], "all_points_y": [348, 323, 324, 347, 348]}, "region_attributes": {"name": "Slane"}}, "5": {"shape_attributes": {"name": "polygon", "all_points_x": [255, 249, 251, 257, 255], "all_points_y": [197, 198, 183, 183, 197]}, "region_attributes": {"name": "Slane"}}, "6": {"shape_attributes": {"name": "polygon", "all_points_x": [481, 491, 541, 547, 549, 549, 543, 547, 547, 540, 535, 521, 496, 486, 480, 473, 476, 476, 475, 473, 475, 485, 481], "all_points_y": [355, 354, 355, 354, 338, 326, 306, 302, 299, 299, 293, 291, 290, 294, 299, 301, 304, 311, 313, 324, 332, 354, 355]}, "region_attributes": {"name": "car"}}, "7": {"shape_attributes": {"name": "polygon", "all_points_x": [175, 183, 217, 229, 231, 231, 233, 229, 223, 211, 203, 184, 177, 171, 176, 174, 175], "all_points_y": [183, 184, 185, 182, 165, 155, 149, 147, 133, 132, 130, 133, 145, 150, 154, 172, 183]}, "region_attributes": {"name": "car"}}, "8": {"shape_attributes": {"name": "polygon", "all_points_x": [55, 65, 99, 113, 119, 119, 117, 112, 104, 85, 67, 58, 52, 55, 51, 53, 55], "all_points_y": [265, 269, 268, 263, 247, 231, 221, 217, 211, 209, 211, 225, 230, 237, 251, 261, 265]}, "region_attributes": {"name": "car"}}, "9": {"shape_attributes": {"name": "polygon", "all_points_x": [473, 512, 513, 523, 524, 517, 526, 513, 509, 470, 460, 453, 461, 455, 457, 457, 463, 463, 471, 473], "all_points_y": [265, 265, 269, 267, 244, 222, 222, 216, 209, 209, 217, 222, 225, 231, 241, 249, 263, 268, 269, 265]}, "region_attributes": {"name": "car"}}}}, "194BC8274BF609635C99F3.jpg41234": {"fileref": "", "size": 41234, "filename": "194BC8274BF609635C99F3.jpg", "base64_img_data": "", "file_attributes": {}, "regions": {"0": {"shape_attributes": {"name": "polygon", "all_points_x": [233, 243, 171, 166, 165, 233], "all_points_y": [269, 268, 215, 218, 218, 269]}, "region_attributes": {"name": "Slane"}}, "1": {"shape_attributes": {"name": "polygon", "all_points_x": [156, 150, 123, 129, 156], "all_points_y": [207, 208, 187, 186, 207]}, "region_attributes": {"name": "Slane"}}, "2": {"shape_attributes": {"name": "polygon", "all_points_x": [65, 62, 124, 142, 65], "all_points_y": [159, 160, 292, 291, 159]}, "region_attributes": {"name": "Llane"}}, "3": {"shape_attributes": {"name": "polygon", "all_points_x": [120, 115, 103, 108, 120], "all_points_y": [181, 181, 171, 170, 181]}, "region_attributes": {"name": "Slane"}}}}, "245A364156FB8ECC05.jpg122008": {"fileref": "", "size": 122008, "filename": "245A364156FB8ECC05.jpg", "base64_img_data": "", "file_attributes": {}, "regions": {"0": {"shape_attributes": {"name": "polygon", "all_points_x": [517, 481, 490, 531, 517], "all_points_y": [335, 305, 305, 333, 335]}, "region_attributes": {"name": "Slane"}}, "1": {"shape_attributes": {"name": "polygon", "all_points_x": [325, 318, 333, 340, 325], "all_points_y": [305, 305, 291, 291, 305]}, "region_attributes": {"name": "Slane"}}}}, "1200px-Jytim13112011.jpg148588": {"fileref": "", "size": 148588, "filename": "1200px-Jytim13112011.jpg", "base64_img_data": "", "file_attributes": {}, "regions": {"0": {"shape_attributes": {"name": "polygon", "all_points_x": [348, 336, 311, 324, 351, 361, 348], "all_points_y": [635, 627, 618, 615, 625, 632, 635]}, "region_attributes": {"name": "Slane"}}, "1": {"shape_attributes": {"name": "polygon", "all_points_x": [414, 476, 480, 501, 494, 429, 414], "all_points_y": [664, 699, 706, 707, 696, 659, 664]}, "region_attributes": {"name": "Slane"}}, "2": {"shape_attributes": {"name": "polygon", "all_points_x": [187, 122, 119, 109, 104, 109, 110, 101, 106, 113, 118, 135, 173, 197, 203, 205, 202, 201, 187], "all_points_y": [595, 595, 599, 599, 574, 556, 545, 545, 537, 537, 519, 513, 513, 521, 547, 578, 589, 598, 595]}, "region_attributes": {"name": "car"}}}}, "5739_4096_5714.jpg182423": {"fileref": "", "size": 182423, "filename": "5739_4096_5714.jpg", "base64_img_data": "", "file_attributes": {}, "regions": {"0": {"shape_attributes": {"name": "polygon", "all_points_x": [203, 216, 242, 238, 203], "all_points_y": [324, 325, 229, 231, 324]}, "region_attributes": {"name": "Llane"}}, "1": {"shape_attributes": {"name": "polygon", "all_points_x": [412, 447, 455, 421, 412], "all_points_y": [281, 299, 298, 280, 281]}, "region_attributes": {"name": "Slane"}}, "2": {"shape_attributes": {"name": "polygon", "all_points_x": [50, 75, 81, 89, 92, 98, 102, 105, 108, 109, 108, 105, 97, 90, 57, 49, 40, 40, 36, 38, 41, 46, 50], "all_points_y": [228, 231, 234, 233, 230, 231, 231, 232, 226, 218, 212, 209, 198, 194, 190, 194, 203, 209, 217, 223, 229, 229, 228]}, "region_attributes": {"name": "car"}}, "3": {"shape_attributes": {"name": "polygon", "all_points_x": [387, 393, 375, 371, 387], "all_points_y": [269, 269, 258, 259, 269]}, "region_attributes": {"name": "Slane"}}}}, "16688_7576_5148.jpg29199": {"fileref": "", "size": 29199, "filename": "16688_7576_5148.jpg", "base64_img_data": "", "file_attributes": {}, "regions": {"0": {"shape_attributes": {"name": "polygon", "all_points_x": [87, 115, 315, 310, 87], "all_points_y": [338, 339, 221, 221, 338]}, "region_attributes": {"name": "Llane"}}, "1": {"shape_attributes": {"name": "polygon", "all_points_x": [425, 419, 398, 401, 425], "all_points_y": [253, 254, 237, 238, 253]}, "region_attributes": {"name": "Slane"}}}}, "21063F335661441726.jpg121418": {"fileref": "", "size": 121418, "filename": "21063F335661441726.jpg", "base64_img_data": "", "file_attributes": {}, "regions": {"0": {"shape_attributes": {"name": "polygon", "all_points_x": [55, 77, 245, 280, 292, 287, 220, 55], "all_points_y": [297, 297, 202, 181, 174, 173, 210, 297]}, "region_attributes": {"name": "Llane"}}, "1": {"shape_attributes": {"name": "polygon", "all_points_x": [18, 44, 201, 253, 267, 262, 218, 137, 23, 22, 18], "all_points_y": [289, 289, 213, 187, 180, 179, 199, 237, 288, 289, 289]}, "region_attributes": {"name": "Llane"}}, "2": {"shape_attributes": {"name": "polygon", "all_points_x": [448, 436, 423, 434, 448], "all_points_y": [242, 243, 224, 223, 242]}, "region_attributes": {"name": "Slane"}}, "3": {"shape_attributes": {"name": "polygon", "all_points_x": [322, 371, 377, 385, 385, 383, 375, 357, 334, 321, 317, 311, 313, 313, 312, 313, 320, 322], "all_points_y": [175, 174, 181, 179, 150, 141, 127, 123, 122, 127, 139, 142, 146, 159, 167, 179, 179, 175]}, "region_attributes": {"name": "car"}}}}, "73676_108928_1757.png752492": {"fileref": "", "size": 752492, "filename": "73676_108928_1757.png", "base64_img_data": "", "file_attributes": {}, "regions": {"0": {"shape_attributes": {"name": "polygon", "all_points_x": [567, 602, 468, 407, 375, 358, 351, 389, 422, 491, 567], "all_points_y": [409, 409, 288, 229, 193, 174, 176, 223, 261, 331, 409]}, "region_attributes": {"name": "Llane"}}, "1": {"shape_attributes": {"name": "polygon", "all_points_x": [507, 589, 615, 528, 507], "all_points_y": [302, 370, 369, 302, 302]}, "region_attributes": {"name": "Slane"}}, "2": {"shape_attributes": {"name": "polygon", "all_points_x": [469, 454, 428, 442, 469], "all_points_y": [257, 258, 235, 235, 257]}, "region_attributes": {"name": "Slane"}}, "3": {"shape_attributes": {"name": "polygon", "all_points_x": [349, 390, 395, 402, 405, 397, 390, 353, 339, 334, 338, 332, 334, 337, 339, 349], "all_points_y": [159, 160, 164, 162, 135, 109, 106, 105, 118, 123, 127, 138, 146, 157, 158, 159]}, "region_attributes": {"name": "car"}}}}, "1139574_417891_1525.jpg160363": {"fileref": "", "size": 160363, "filename": "1139574_417891_1525.jpg", "base64_img_data": "", "file_attributes": {}, "regions": {"0": {"shape_attributes": {"name": "polygon", "all_points_x": [319, 331, 324, 318, 319], "all_points_y": [249, 249, 178, 179, 249]}, "region_attributes": {"name": "Slane"}}, "1": {"shape_attributes": {"name": "polygon", "all_points_x": [53, 40, 242, 245, 53], "all_points_y": [285, 286, 172, 172, 285]}, "region_attributes": {"name": "Llane"}}, "2": {"shape_attributes": {"name": "polygon", "all_points_x": [477, 489, 531, 535, 539, 547, 551, 548, 544, 537, 525, 515, 502, 468, 455, 447, 439, 439, 433, 432, 433, 434, 439, 441, 457, 461, 473, 477], "all_points_y": [188, 189, 187, 190, 185, 185, 173, 159, 155, 153, 141, 137, 135, 135, 139, 149, 151, 152, 156, 161, 171, 177, 177, 177, 181, 189, 191, 188]}, "region_attributes": {"name": "car"}}, "3": {"shape_attributes": {"name": "polygon", "all_points_x": [578, 563, 401, 406, 578], "all_points_y": [253, 252, 172, 173, 253]}, "region_attributes": {"name": "Llane"}}}}, "1373904_2069616_4949.jpg133368": {"fileref": "", "size": 133368, "filename": "1373904_2069616_4949.jpg", "base64_img_data": "", "file_attributes": {}, "regions": {"0": {"shape_attributes": {"name": "polygon", "all_points_x": [189, 200, 215, 230, 237, 247, 253, 250, 237, 227, 211, 189], "all_points_y": [277, 276, 228, 191, 176, 167, 163, 163, 173, 187, 226, 277]}, "region_attributes": {"name": "Llane"}}, "1": {"shape_attributes": {"name": "polygon", "all_points_x": [371, 363, 321, 299, 294, 293, 295, 298, 306, 340, 371], "all_points_y": [273, 273, 218, 186, 175, 169, 168, 177, 191, 235, 273]}, "region_attributes": {"name": "Llane"}}, "2": {"shape_attributes": {"name": "polygon", "all_points_x": [45, 37, 108, 134, 152, 155, 116, 82, 45], "all_points_y": [265, 266, 219, 200, 189, 189, 216, 241, 265]}, "region_attributes": {"name": "Llane"}}}}, "201604071905562.jpg244292": {"fileref": "", "size": 244292, "filename": "201604071905562.jpg", "base64_img_data": "", "file_attributes": {}, "regions": {"0": {"shape_attributes": {"name": "polygon", "all_points_x": [406, 421, 362, 355, 406], "all_points_y": [332, 332, 264, 265, 332]}, "region_attributes": {"name": "Slane"}}}}, "2014080624301384.jpg178915": {"fileref": "", "size": 178915, "filename": "2014080624301384.jpg", "base64_img_data": "", "file_attributes": {}, "regions": {"0": {"shape_attributes": {"name": "polygon", "all_points_x": [305, 313, 325, 319, 305], "all_points_y": [325, 325, 305, 305, 325]}, "region_attributes": {"name": "Slane"}}, "1": {"shape_attributes": {"name": "polygon", "all_points_x": [337, 333, 340, 343, 337], "all_points_y": [285, 285, 277, 277, 285]}, "region_attributes": {"name": "Slane"}}, "2": {"shape_attributes": {"name": "polygon", "all_points_x": [20, 9, 147, 153, 20], "all_points_y": [341, 341, 301, 301, 341]}, "region_attributes": {"name": "Slane"}}}}, "art_15591169773544_23bb2d.jpg328903": {"fileref": "", "size": 328903, "filename": "art_15591169773544_23bb2d.jpg", "base64_img_data": "", "file_attributes": {}, "regions": {"0": {"shape_attributes": {"name": "polygon", "all_points_x": [354, 374, 353, 345, 354], "all_points_y": [448, 447, 369, 371, 448]}, "region_attributes": {"name": "Slane"}}, "1": {"shape_attributes": {"name": "polygon", "all_points_x": [29, 9, 194, 270, 275, 133, 29], "all_points_y": [463, 464, 359, 316, 315, 404, 463]}, "region_attributes": {"name": "Llane"}}, "2": {"shape_attributes": {"name": "polygon", "all_points_x": [335, 318, 316, 314, 315, 317, 319, 326, 336, 338, 339, 338, 335], "all_points_y": [299, 299, 301, 301, 290, 286, 281, 280, 281, 287, 292, 300, 299]}, "region_attributes": {"name": "car"}}, "3": {"shape_attributes": {"name": "polygon", "all_points_x": [349, 342, 340, 345, 349], "all_points_y": [341, 341, 324, 325, 341]}, "region_attributes": {"name": "Slane"}}, "4": {"shape_attributes": {"name": "polygon", "all_points_x": [18, 5, 231, 266, 269, 171, 18], "all_points_y": [436, 437, 327, 311, 311, 362, 436]}, "region_attributes": {"name": "Llane"}}, "5": {"shape_attributes": {"name": "polygon", "all_points_x": [339, 342, 342, 339, 339], "all_points_y": [315, 316, 310, 310, 315]}, "region_attributes": {"name": "Slane"}}}}, "c0221538_599d3ddcdbe72.jpg112484": {"fileref": "", "size": 112484, "filename": "c0221538_599d3ddcdbe72.jpg", "base64_img_data": "", "file_attributes": {}, "regions": {"0": {"shape_attributes": {"name": "polygon", "all_points_x": [67, 88, 253, 280, 287, 281, 201, 67], "all_points_y": [352, 353, 207, 185, 180, 180, 244, 352]}, "region_attributes": {"name": "Llane"}}}}, "D3L_2618.jpg73338": {"fileref": "", "size": 73338, "filename": "D3L_2618.jpg", "base64_img_data": "", "file_attributes": {}, "regions": {"0": {"shape_attributes": {"name": "polygon", "all_points_x": [458, 486, 410, 390, 458], "all_points_y": [451, 449, 312, 313, 451]}, "region_attributes": {"name": "Slane"}}, "1": {"shape_attributes": {"name": "polygon", "all_points_x": [447, 426, 509, 538, 447], "all_points_y": [313, 314, 448, 448, 313]}, "region_attributes": {"name": "Slane"}}, "2": {"shape_attributes": {"name": "polygon", "all_points_x": [392, 366, 347, 372, 392], "all_points_y": [258, 259, 224, 224, 258]}, "region_attributes": {"name": "Slane"}}, "3": {"shape_attributes": {"name": "polygon", "all_points_x": [351, 334, 323, 338, 351], "all_points_y": [198, 198, 178, 178, 198]}, "region_attributes": {"name": "Slane"}}, "4": {"shape_attributes": {"name": "polygon", "all_points_x": [308, 314, 326, 320, 308], "all_points_y": [149, 160, 160, 147, 149]}, "region_attributes": {"name": "Slane"}}, "5": {"shape_attributes": {"name": "polygon", "all_points_x": [75, 64, 86, 94, 75], "all_points_y": [193, 193, 174, 174, 193]}, "region_attributes": {"name": "Slane"}}, "6": {"shape_attributes": {"name": "polygon", "all_points_x": [123, 115, 126, 131, 123], "all_points_y": [146, 146, 136, 135, 146]}, "region_attributes": {"name": "Slane"}}, "7": {"shape_attributes": {"name": "polygon", "all_points_x": [201, 268, 273, 289, 293, 295, 290, 295, 286, 273, 234, 194, 184, 175, 181, 178, 176, 179, 179, 191, 201], "all_points_y": [178, 177, 182, 182, 156, 138, 118, 115, 108, 84, 79, 84, 110, 113, 117, 130, 154, 169, 179, 182, 178]}, "region_attributes": {"name": "car"}}}}, "Dongseo_Elevated_Road.jpg321526": {"fileref": "", "size": 321526, "filename": "Dongseo_Elevated_Road.jpg", "base64_img_data": "", "file_attributes": {}, "regions": {"0": {"shape_attributes": {"name": "polygon", "all_points_x": [569, 588, 564, 551, 569], "all_points_y": [664, 664, 635, 637, 664]}, "region_attributes": {"name": "Slane"}}, "1": {"shape_attributes": {"name": "polygon", "all_points_x": [544, 531, 521, 529, 544], "all_points_y": [613, 613, 602, 598, 613]}, "region_attributes": {"name": "Slane"}}, "2": {"shape_attributes": {"name": "polygon", "all_points_x": [64, 32, 258, 296, 303, 141, 64], "all_points_y": [755, 756, 620, 597, 597, 710, 755]}, "region_attributes": {"name": "Llane"}}, "3": {"shape_attributes": {"name": "polygon", "all_points_x": [375, 468, 479, 480, 481, 462, 429, 417, 409, 388, 378, 372, 361, 365, 364, 364, 367, 370, 375], "all_points_y": [594, 595, 595, 576, 543, 508, 504, 500, 505, 506, 520, 528, 534, 537, 550, 566, 582, 596, 594]}, "region_attributes": {"name": "car"}}}}, "Gaji_Tunnel.jpg3622194": {"fileref": "", "size": 3622194, "filename": "Gaji_Tunnel.jpg", "base64_img_data": "", "file_attributes": {}, "regions": {"0": {"shape_attributes": {"name": "polygon", "all_points_x": [1004, 1068, 1223, 1181, 1004], "all_points_y": [2117, 2123, 2035, 2027, 2117]}, "region_attributes": {"name": "Slane"}}, "1": {"shape_attributes": {"name": "polygon", "all_points_x": [1319, 1290, 1361, 1383, 1319], "all_points_y": [1976, 1976, 1937, 1937, 1976]}, "region_attributes": {"name": "Slane"}}, "2": {"shape_attributes": {"name": "polygon", "all_points_x": [2092, 2055, 1996, 2027, 2092], "all_points_y": [2041, 2041, 1988, 1988, 2041]}, "region_attributes": {"name": "Slane"}}, "3": {"shape_attributes": {"name": "polygon", "all_points_x": [1974, 1947, 1929, 1917, 1944, 1960, 1974], "all_points_y": [1947, 1951, 1934, 1921, 1919, 1938, 1947]}, "region_attributes": {"name": "Slane"}}, "4": {"shape_attributes": {"name": "polygon", "all_points_x": [1419, 1439, 1477, 1456, 1419], "all_points_y": [1914, 1915, 1900, 1899, 1914]}, "region_attributes": {"name": "Slane"}}, "5": {"shape_attributes": {"name": "polygon", "all_points_x": [1884, 1899, 1915, 1902, 1884], "all_points_y": [1889, 1908, 1906, 1889, 1889]}, "region_attributes": {"name": "Slane"}}}}, "Lane-change-00.png164277": {"fileref": "", "size": 164277, "filename": "Lane-change-00.png", "base64_img_data": "", "file_attributes": {}, "regions": {"0": {"shape_attributes": {"name": "polygon", "all_points_x": [261, 268, 281, 275, 261], "all_points_y": [284, 284, 269, 270, 284]}, "region_attributes": {"name": "Slane"}}, "1": {"shape_attributes": {"name": "polygon", "all_points_x": [595, 579, 469, 422, 400, 374, 368, 371, 421, 439, 503, 595], "all_points_y": [356, 356, 296, 271, 257, 243, 239, 238, 265, 275, 308, 356]}, "region_attributes": {"name": "Llane"}}, "2": {"shape_attributes": {"name": "polygon", "all_points_x": [295, 293, 298, 301, 295], "all_points_y": [252, 253, 247, 247, 252]}, "region_attributes": {"name": "Slane"}}}}, "main-01.jpg43034": {"fileref": "", "size": 43034, "filename": "main-01.jpg", "base64_img_data": "", "file_attributes": {}, "regions": {"0": {"shape_attributes": {"name": "polygon", "all_points_x": [693, 721, 553, 518, 506, 502, 517, 549, 628, 693], "all_points_y": [501, 500, 364, 332, 319, 316, 336, 368, 443, 501]}, "region_attributes": {"name": "Llane"}}}}, "maxresdefault.jpg109017": {"fileref": "", "size": 109017, "filename": "maxresdefault.jpg", "base64_img_data": "", "file_attributes": {}, "regions": {"0": {"shape_attributes": {"name": "polygon", "all_points_x": [162, 198, 462, 454, 162], "all_points_y": [708, 707, 66, 69, 708]}, "region_attributes": {"name": "Llane"}}, "1": {"shape_attributes": {"name": "polygon", "all_points_x": [387, 451, 592, 629, 647, 653, 637, 612, 627, 595, 577, 492, 413, 395, 388, 387, 362, 352, 346, 349, 363, 387], "all_points_y": [484, 487, 478, 470, 441, 374, 319, 246, 243, 231, 208, 208, 214, 238, 248, 259, 317, 345, 378, 423, 471, 484]}, "region_attributes": {"name": "car"}}, "2": {"shape_attributes": {"name": "polygon", "all_points_x": [643, 732, 744, 747, 757, 763, 767, 763, 752, 730, 721, 669, 636, 620, 614, 603, 609, 604, 604, 607, 620, 623, 643], "all_points_y": [202, 200, 200, 205, 204, 193, 163, 142, 133, 97, 92, 90, 93, 104, 112, 115, 121, 127, 136, 165, 182, 200, 202]}, "region_attributes": {"name": "car"}}, "3": {"shape_attributes": {"name": "polygon", "all_points_x": [844, 882, 736, 715, 844], "all_points_y": [675, 675, 413, 414, 675]}, "region_attributes": {"name": "Slane"}}, "4": {"shape_attributes": {"name": "polygon", "all_points_x": [661, 650, 618, 628, 661], "all_points_y": [278, 278, 215, 215, 278]}, "region_attributes": {"name": "Slane"}}, "5": {"shape_attributes": {"name": "polygon", "all_points_x": [959, 948, 852, 864, 959], "all_points_y": [271, 273, 209, 208, 271]}, "region_attributes": {"name": "Slane"}}}}, "NISI20120921_0007066887_web.jpg161421": {"fileref": "", "size": 161421, "filename": "NISI20120921_0007066887_web.jpg", "base64_img_data": "", "file_attributes": {}, "regions": {"0": {"shape_attributes": {"name": "polygon", "all_points_x": [431, 449, 405, 381, 377, 375, 383, 431], "all_points_y": [259, 258, 162, 110, 100, 101, 125, 259]}, "region_attributes": {"name": "Llane"}}}}, "NISI20190108_0000256259_web.jpg127652": {"fileref": "", "size": 127652, "filename": "NISI20190108_0000256259_web.jpg", "base64_img_data": "", "file_attributes": {}, "regions": {"0": {"shape_attributes": {"name": "polygon", "all_points_x": [272, 281, 271, 265, 272], "all_points_y": [177, 177, 163, 163, 177]}, "region_attributes": {"name": "Slane"}}, "1": {"shape_attributes": {"name": "polygon", "all_points_x": [27, 9, 84, 93, 27], "all_points_y": [244, 245, 193, 193, 244]}, "region_attributes": {"name": "Slane"}}, "2": {"shape_attributes": {"name": "polygon", "all_points_x": [143, 136, 150, 155, 143], "all_points_y": [158, 157, 149, 149, 158]}, "region_attributes": {"name": "Slane"}}, "3": {"shape_attributes": {"name": "polygon", "all_points_x": [261, 256, 252, 257, 261], "all_points_y": [148, 148, 142, 142, 148]}, "region_attributes": {"name": "Slane"}}, "4": {"shape_attributes": {"name": "polygon", "all_points_x": [172, 169, 175, 177, 172], "all_points_y": [138, 138, 133, 134, 138]}, "region_attributes": {"name": "Slane"}}, "5": {"shape_attributes": {"name": "polygon", "all_points_x": [307, 287, 285, 281, 276, 275, 276, 277, 282, 284, 308, 312, 313, 315, 313, 313, 310, 307], "all_points_y": [127, 126, 127, 127, 124, 122, 113, 111, 102, 100, 100, 104, 114, 121, 127, 128, 128, 127]}, "region_attributes": {"name": "car"}}}}, "r1.jpg109500": {"fileref": "", "size": 109500, "filename": "r1.jpg", "base64_img_data": "", "file_attributes": {}, "regions": {"0": {"shape_attributes": {"name": "polygon", "all_points_x": [542, 571, 403, 391, 376, 375, 389, 413, 542], "all_points_y": [583, 583, 429, 418, 406, 406, 419, 445, 583]}, "region_attributes": {"name": "Llane"}}, "1": {"shape_attributes": {"name": "polygon", "all_points_x": [52, 23, 199, 255, 279, 286, 145, 52], "all_points_y": [567, 567, 462, 429, 415, 414, 505, 567]}, "region_attributes": {"name": "Llane"}}}}, "r2.jpg100123": {"fileref": "", "size": 100123, "filename": "r2.jpg", "base64_img_data": "", "file_attributes": {}, "regions": {"0": {"shape_attributes": {"name": "polygon", "all_points_x": [552, 559, 541, 538, 552], "all_points_y": [417, 417, 399, 399, 417]}, "region_attributes": {"name": "Slane"}}, "1": {"shape_attributes": {"name": "polygon", "all_points_x": [183, 157, 336, 409, 427, 438, 441, 403, 336, 183], "all_points_y": [571, 572, 457, 410, 399, 392, 391, 418, 465, 571]}, "region_attributes": {"name": "Llane"}}, "2": {"shape_attributes": {"name": "polygon", "all_points_x": [524, 527, 523, 520, 524], "all_points_y": [387, 387, 381, 382, 387]}, "region_attributes": {"name": "Slane"}}}}, "r3.jpg89313": {"fileref": "", "size": 89313, "filename": "r3.jpg", "base64_img_data": "", "file_attributes": {}, "regions": {"0": {"shape_attributes": {"name": "polygon", "all_points_x": [796, 828, 648, 553, 540, 539, 563, 699, 796], "all_points_y": [615, 614, 489, 423, 415, 415, 433, 540, 615]}, "region_attributes": {"name": "Llane"}}, "1": {"shape_attributes": {"name": "polygon", "all_points_x": [272, 250, 415, 445, 449, 343, 272], "all_points_y": [584, 584, 450, 425, 424, 518, 584]}, "region_attributes": {"name": "Llane"}}}}, "r4.jpg118786": {"fileref": "", "size": 118786, "filename": "r4.jpg", "base64_img_data": "", "file_attributes": {}, "regions": {"0": {"shape_attributes": {"name": "polygon", "all_points_x": [763, 786, 623, 612, 763], "all_points_y": [588, 586, 466, 468, 588]}, "region_attributes": {"name": "Slane"}}, "1": {"shape_attributes": {"name": "polygon", "all_points_x": [223, 197, 341, 460, 463, 337, 223], "all_points_y": [606, 607, 492, 397, 396, 506, 606]}, "region_attributes": {"name": "Llane"}}, "2": {"shape_attributes": {"name": "polygon", "all_points_x": [557, 551, 537, 541, 557], "all_points_y": [421, 422, 410, 410, 421]}, "region_attributes": {"name": "Slane"}}, "3": {"shape_attributes": {"name": "polygon", "all_points_x": [716, 805, 813, 820, 826, 835, 838, 833, 833, 827, 813, 789, 777, 734, 691, 669, 667, 657, 662, 652, 650, 649, 651, 653, 657, 667, 668, 686, 689, 695, 712, 716], "all_points_y": [459, 459, 468, 467, 459, 451, 433, 429, 411, 405, 397, 371, 368, 365, 369, 386, 392, 395, 399, 408, 417, 427, 433, 447, 451, 452, 447, 455, 463, 469, 469, 459]}, "region_attributes": {"name": "car"}}}}, "r5.jpg299312": {"fileref": "", "size": 299312, "filename": "r5.jpg", "base64_img_data": "", "file_attributes": {}, "regions": {"0": {"shape_attributes": {"name": "polygon", "all_points_x": [750, 779, 547, 528, 527, 541, 598, 750], "all_points_y": [619, 620, 413, 398, 398, 413, 470, 619]}, "region_attributes": {"name": "Llane"}}, "1": {"shape_attributes": {"name": "polygon", "all_points_x": [390, 380, 425, 431, 390], "all_points_y": [466, 465, 433, 433, 466]}, "region_attributes": {"name": "Slane"}}}}, "r7.jpg137992": {"fileref": "", "size": 137992, "filename": "r7.jpg", "base64_img_data": "", "file_attributes": {}, "regions": {"0": {"shape_attributes": {"name": "polygon", "all_points_x": [165, 195, 368, 360, 170, 165], "all_points_y": [607, 608, 464, 464, 605, 607]}, "region_attributes": {"name": "Slane"}}, "1": {"shape_attributes": {"name": "polygon", "all_points_x": [793, 761, 515, 520, 627, 793], "all_points_y": [614, 616, 408, 408, 489, 614]}, "region_attributes": {"name": "Llane"}}, "2": {"shape_attributes": {"name": "polygon", "all_points_x": [714, 696, 796, 821, 714], "all_points_y": [526, 528, 598, 595, 526]}, "region_attributes": {"name": "Slane"}}, "3": {"shape_attributes": {"name": "polygon", "all_points_x": [640, 623, 599, 614, 640], "all_points_y": [480, 482, 462, 461, 480]}, "region_attributes": {"name": "Slane"}}, "4": {"shape_attributes": {"name": "polygon", "all_points_x": [583, 572, 559, 568, 583], "all_points_y": [441, 442, 434, 433, 441]}, "region_attributes": {"name": "Slane"}}, "5": {"shape_attributes": {"name": "polygon", "all_points_x": [424, 419, 433, 436, 424], "all_points_y": [417, 419, 409, 408, 417]}, "region_attributes": {"name": "Slane"}}, "6": {"shape_attributes": {"name": "polygon", "all_points_x": [453, 503, 505, 513, 515, 511, 511, 513, 509, 501, 475, 452, 446, 442, 441, 442, 443, 453], "all_points_y": [429, 427, 430, 429, 410, 393, 390, 389, 386, 374, 373, 375, 389, 397, 407, 420, 431, 429]}, "region_attributes": {"name": "car"}}}}, "r8.jpg110820": {"fileref": "", "size": 110820, "filename": "r8.jpg", "base64_img_data": "", "file_attributes": {}, "regions": {"0": {"shape_attributes": {"name": "polygon", "all_points_x": [672, 701, 575, 523, 497, 491, 488, 515, 543, 604, 672], "all_points_y": [573, 573, 458, 415, 400, 397, 398, 414, 438, 501, 573]}, "region_attributes": {"name": "Llane"}}, "1": {"shape_attributes": {"name": "polygon", "all_points_x": [151, 127, 279, 294, 151], "all_points_y": [591, 591, 501, 502, 591]}, "region_attributes": {"name": "Slane"}}, "2": {"shape_attributes": {"name": "polygon", "all_points_x": [388, 379, 412, 415, 388], "all_points_y": [439, 439, 417, 417, 439]}, "region_attributes": {"name": "Slane"}}, "3": {"shape_attributes": {"name": "polygon", "all_points_x": [475, 457, 453, 452, 449, 455, 475, 481, 481, 483, 481, 475], "all_points_y": [396, 396, 397, 397, 386, 373, 371, 379, 383, 391, 395, 396]}, "region_attributes": {"name": "car"}}}}, "r9.jpg101604": {"fileref": "", "size": 101604, "filename": "r9.jpg", "base64_img_data": "", "file_attributes": {}, "regions": {"0": {"shape_attributes": {"name": "polygon", "all_points_x": [205, 234, 370, 435, 473, 468, 407, 315, 205], "all_points_y": [575, 573, 468, 419, 389, 389, 434, 497, 575]}, "region_attributes": {"name": "Llane"}}, "1": {"shape_attributes": {"name": "polygon", "all_points_x": [565, 541, 538, 536, 537, 541, 551, 563, 568, 565], "all_points_y": [387, 388, 387, 381, 375, 368, 365, 366, 374, 387]}, "region_attributes": {"name": "car"}}, "2": {"shape_attributes": {"name": "polygon", "all_points_x": [620, 634, 577, 568, 620], "all_points_y": [472, 472, 427, 427, 472]}, "region_attributes": {"name": "Slane"}}}}, "r10.jpg105888": {"fileref": "", "size": 105888, "filename": "r10.jpg", "base64_img_data": "", "file_attributes": {}, "regions": {"0": {"shape_attributes": {"name": "polygon", "all_points_x": [212, 241, 411, 464, 459, 360, 212], "all_points_y": [603, 602, 450, 403, 406, 482, 603]}, "region_attributes": {"name": "Llane"}}, "1": {"shape_attributes": {"name": "polygon", "all_points_x": [859, 830, 539, 542, 859], "all_points_y": [609, 611, 401, 401, 609]}, "region_attributes": {"name": "Llane"}}, "2": {"shape_attributes": {"name": "polygon", "all_points_x": [515, 476, 469, 465, 467, 476, 514, 524, 524, 524, 515], "all_points_y": [411, 412, 414, 406, 384, 369, 367, 380, 388, 410, 411]}, "region_attributes": {"name": "car"}}, "3": {"shape_attributes": {"name": "polygon", "all_points_x": [560, 589, 594, 591, 583, 568, 557, 551, 551, 552, 560], "all_points_y": [395, 394, 386, 378, 369, 366, 371, 378, 385, 392, 395]}, "region_attributes": {"name": "car"}}}}, "r11.jpg91900": {"fileref": "", "size": 91900, "filename": "r11.jpg", "base64_img_data": "", "file_attributes": {}, "regions": {"0": {"shape_attributes": {"name": "polygon", "all_points_x": [157, 183, 306, 388, 444, 469, 466, 413, 316, 157], "all_points_y": [582, 580, 487, 429, 388, 372, 372, 405, 471, 582]}, "region_attributes": {"name": "Llane"}}, "1": {"shape_attributes": {"name": "polygon", "all_points_x": [799, 771, 580, 531, 535, 612, 719, 799], "all_points_y": [586, 588, 423, 379, 378, 439, 524, 586]}, "region_attributes": {"name": "Llane"}}, "2": {"shape_attributes": {"name": "polygon", "all_points_x": [526, 499, 494, 491, 493, 491, 499, 523, 531, 533, 533, 532, 526], "all_points_y": [375, 376, 377, 375, 358, 357, 346, 345, 353, 363, 375, 376, 375]}, "region_attributes": {"name": "car"}}}}, "r12.jpg123513": {"fileref": "", "size": 123513, "filename": "r12.jpg", "base64_img_data": "", "file_attributes": {}, "regions": {"0": {"shape_attributes": {"name": "polygon", "all_points_x": [219, 251, 469, 462, 219], "all_points_y": [569, 568, 382, 382, 569]}, "region_attributes": {"name": "Llane"}}, "1": {"shape_attributes": {"name": "polygon", "all_points_x": [660, 645, 584, 591, 660], "all_points_y": [464, 465, 416, 416, 464]}, "region_attributes": {"name": "Slane"}}, "2": {"shape_attributes": {"name": "polygon", "all_points_x": [506, 477, 473, 474, 481, 493, 506, 512, 512, 511, 506], "all_points_y": [379, 381, 377, 363, 353, 351, 352, 364, 374, 379, 379]}, "region_attributes": {"name": "car"}}, "3": {"shape_attributes": {"name": "polygon", "all_points_x": [555, 551, 539, 545, 555], "all_points_y": [394, 394, 385, 385, 394]}, "region_attributes": {"name": "Slane"}}}}, "0117-1.jpg99529": {"fileref": "", "size": 99529, "filename": "0117-1.jpg", "base64_img_data": "", "file_attributes": {}, "regions": {"0": {"shape_attributes": {"name": "polygon", "all_points_x": [293, 339, 345, 351, 354, 360, 365, 367, 362, 367, 358, 350, 333, 313, 299, 291, 287, 285, 281, 284, 286, 293], "all_points_y": [287, 288, 291, 291, 285, 286, 285, 261, 252, 249, 244, 234, 230, 229, 233, 244, 251, 262, 273, 283, 288, 287]}, "region_attributes": {"name": "car"}}, "1": {"shape_attributes": {"name": "polygon", "all_points_x": [484, 503, 504, 509, 511, 511, 506, 501, 492, 483, 480, 478, 478, 479, 479, 484], "all_points_y": [262, 262, 264, 264, 251, 247, 241, 240, 239, 240, 246, 248, 254, 259, 262, 262]}, "region_attributes": {"name": "car"}}, "2": {"shape_attributes": {"name": "polygon", "all_points_x": [633, 623, 581, 547, 525, 520, 521, 531, 547, 592, 633], "all_points_y": [345, 346, 317, 290, 270, 260, 260, 272, 285, 317, 345]}, "region_attributes": {"name": "Llane"}}, "3": {"shape_attributes": {"name": "polygon", "all_points_x": [438, 433, 445, 450, 438], "all_points_y": [277, 277, 268, 268, 277]}, "region_attributes": {"name": "Slane"}}}}, "0117-2.jpg76368": {"fileref": "", "size": 76368, "filename": "0117-2.jpg", "base64_img_data": "", "file_attributes": {}, "regions": {"0": {"shape_attributes": {"name": "polygon", "all_points_x": [237, 251, 290, 311, 319, 320, 319, 316, 316, 311, 298, 237], "all_points_y": [448, 449, 403, 377, 361, 352, 349, 349, 355, 368, 385, 448]}, "region_attributes": {"name": "Llane"}}, "1": {"shape_attributes": {"name": "polygon", "all_points_x": [495, 529, 533, 543, 545, 553, 555, 553, 533, 530, 525, 523, 509, 487, 476, 465, 458, 453, 453, 458, 455, 457, 460, 463, 471, 472, 486, 488, 493, 495], "all_points_y": [377, 377, 383, 383, 371, 364, 352, 350, 345, 332, 321, 316, 314, 314, 314, 316, 331, 332, 337, 341, 357, 365, 376, 382, 376, 372, 373, 383, 383, 377]}, "region_attributes": {"name": "car"}}, "2": {"shape_attributes": {"name": "polygon", "all_points_x": [491, 484, 439, 443, 491], "all_points_y": [415, 414, 387, 387, 415]}, "region_attributes": {"name": "Slane"}}, "3": {"shape_attributes": {"name": "polygon", "all_points_x": [407, 404, 391, 395, 407], "all_points_y": [369, 369, 363, 363, 369]}, "region_attributes": {"name": "Slane"}}}}, "0117-3.jpg122585": {"fileref": "", "size": 122585, "filename": "0117-3.jpg", "base64_img_data": "", "file_attributes": {}, "regions": {"0": {"shape_attributes": {"name": "polygon", "all_points_x": [421, 427, 449, 441, 421], "all_points_y": [416, 416, 393, 393, 416]}, "region_attributes": {"name": "Slane"}}, "1": {"shape_attributes": {"name": "polygon", "all_points_x": [593, 585, 551, 557, 593], "all_points_y": [419, 420, 397, 398, 419]}, "region_attributes": {"name": "Slane"}}, "2": {"shape_attributes": {"name": "polygon", "all_points_x": [585, 558, 547, 546, 547, 549, 546, 551, 556, 571, 585, 594, 595, 595, 585], "all_points_y": [386, 386, 385, 378, 369, 367, 363, 362, 357, 355, 357, 366, 375, 385, 386]}, "region_attributes": {"name": "car"}}, "3": {"shape_attributes": {"name": "polygon", "all_points_x": [475, 497, 501, 503, 505, 505, 499, 487, 473, 469, 467, 468, 468, 475], "all_points_y": [379, 379, 379, 380, 367, 362, 349, 347, 349, 357, 364, 373, 381, 379]}, "region_attributes": {"name": "car"}}}}, "0117-4.jpg129765": {"fileref": "", "size": 129765, "filename": "0117-4.jpg", "base64_img_data": "", "file_attributes": {}, "regions": {"0": {"shape_attributes": {"name": "polygon", "all_points_x": [455, 473, 501, 523, 531, 533, 529, 529, 522, 507, 455], "all_points_y": [454, 455, 414, 383, 366, 359, 356, 363, 378, 395, 454]}, "region_attributes": {"name": "Llane"}}, "1": {"shape_attributes": {"name": "polygon", "all_points_x": [580, 555, 549, 547, 550, 554, 571, 581, 584, 586, 586, 584, 580], "all_points_y": [368, 368, 367, 356, 349, 338, 337, 340, 347, 353, 359, 365, 368]}, "region_attributes": {"name": "car"}}, "2": {"shape_attributes": {"name": "polygon", "all_points_x": [694, 652, 650, 640, 638, 637, 638, 640, 639, 644, 650, 656, 678, 687, 694, 699, 700, 699, 694], "all_points_y": [377, 377, 379, 376, 376, 364, 356, 355, 353, 350, 341, 340, 341, 342, 352, 358, 365, 376, 377]}, "region_attributes": {"name": "car"}}, "3": {"shape_attributes": {"name": "polygon", "all_points_x": [849, 797, 791, 786, 785, 771, 767, 763, 763, 770, 772, 783, 794, 818, 833, 849, 849, 854, 852, 849], "all_points_y": [386, 386, 387, 387, 385, 384, 385, 376, 362, 360, 356, 349, 345, 343, 346, 356, 361, 368, 377, 386]}, "region_attributes": {"name": "car"}}, "4": {"shape_attributes": {"name": "polygon", "all_points_x": [639, 632, 606, 610, 639], "all_points_y": [386, 388, 373, 372, 386]}, "region_attributes": {"name": "Slane"}}}}, "0117-5.jpg68651": {"fileref": "", "size": 68651, "filename": "0117-5.jpg", "base64_img_data": "", "file_attributes": {}, "regions": {"0": {"shape_attributes": {"name": "polygon", "all_points_x": [201, 255, 263, 275, 280, 286, 289, 296, 297, 294, 294, 286, 276, 263, 228, 200, 188, 179, 181, 181, 181, 195, 201], "all_points_y": [363, 363, 371, 371, 362, 361, 368, 361, 336, 321, 314, 311, 296, 287, 284, 289, 306, 325, 337, 352, 368, 374, 363]}, "region_attributes": {"name": "car"}}, "1": {"shape_attributes": {"name": "polygon", "all_points_x": [347, 329, 323, 323, 323, 326, 329, 329, 343, 352, 357, 359, 358, 357, 351, 347], "all_points_y": [333, 333, 337, 335, 318, 313, 311, 308, 308, 309, 316, 321, 327, 333, 337, 333]}, "region_attributes": {"name": "car"}}, "2": {"shape_attributes": {"name": "polygon", "all_points_x": [225, 207, 311, 319, 225], "all_points_y": [439, 438, 369, 369, 439]}, "region_attributes": {"name": "Slane"}}, "3": {"shape_attributes": {"name": "polygon", "all_points_x": [575, 558, 417, 419, 575], "all_points_y": [454, 455, 330, 330, 454]}, "region_attributes": {"name": "Llane"}}, "4": {"shape_attributes": {"name": "polygon", "all_points_x": [386, 399, 402, 399, 393, 387, 384, 386], "all_points_y": [324, 323, 320, 311, 311, 311, 316, 324]}, "region_attributes": {"name": "car"}}, "5": {"shape_attributes": {"name": "polygon", "all_points_x": [345, 341, 354, 358, 345], "all_points_y": [351, 351, 340, 340, 351]}, "region_attributes": {"name": "Slane"}}}}, "0117-6.jpg80742": {"fileref": "", "size": 80742, "filename": "0117-6.jpg", "base64_img_data": "", "file_attributes": {}, "regions": {"0": {"shape_attributes": {"name": "polygon", "all_points_x": [355, 367, 420, 413, 355], "all_points_y": [433, 433, 398, 397, 433]}, "region_attributes": {"name": "Slane"}}, "1": {"shape_attributes": {"name": "polygon", "all_points_x": [452, 444, 438, 447, 452], "all_points_y": [375, 383, 383, 376, 375]}, "region_attributes": {"name": "Slane"}}, "2": {"shape_attributes": {"name": "polygon", "all_points_x": [619, 609, 509, 512, 619], "all_points_y": [442, 443, 368, 368, 442]}, "region_attributes": {"name": "Llane"}}, "3": {"shape_attributes": {"name": "polygon", "all_points_x": [354, 392, 395, 400, 403, 405, 409, 411, 407, 408, 403, 396, 385, 365, 355, 349, 345, 344, 345, 353, 354], "all_points_y": [383, 384, 389, 388, 383, 383, 384, 371, 362, 359, 355, 349, 345, 345, 348, 355, 362, 375, 387, 387, 383]}, "region_attributes": {"name": "car"}}, "4": {"shape_attributes": {"name": "polygon", "all_points_x": [499, 486, 484, 481, 480, 484, 502, 505, 505, 504, 499], "all_points_y": [367, 366, 368, 368, 357, 349, 348, 354, 365, 366, 367]}, "region_attributes": {"name": "car"}}}}, "0117-7.jpg71698": {"fileref": "", "size": 71698, "filename": "0117-7.jpg", "base64_img_data": "", "file_attributes": {}, "regions": {"0": {"shape_attributes": {"name": "polygon", "all_points_x": [331, 367, 370, 377, 387, 387, 383, 385, 379, 376, 368, 345, 333, 325, 323, 322, 321, 323, 331, 331], "all_points_y": [421, 421, 425, 424, 419, 403, 392, 389, 385, 379, 375, 373, 376, 388, 393, 404, 415, 423, 424, 421]}, "region_attributes": {"name": "car"}}}}, "28643_104880_2814.jpg331716": {"fileref": "", "size": 331716, "filename": "28643_104880_2814.jpg", "base64_img_data": "", "file_attributes": {}, "regions": {"0": {"shape_attributes": {"name": "polygon", "all_points_x": [289, 434, 498, 532, 585, 607, 776, 809, 854, 880, 884, 862, 810, 788, 776, 754, 685, 607, 465, 422, 413, 328, 212, 158, 148, 130, 123, 130, 191, 227, 276, 289], "all_points_y": [493, 497, 509, 537, 539, 507, 492, 520, 517, 480, 409, 371, 340, 332, 312, 307, 250, 228, 224, 225, 224, 236, 292, 317, 322, 385, 405, 474, 486, 526, 516, 493]}, "region_attributes": {"name": "car"}}}}, "42329_35755_4822.jpg63357": {"fileref": "", "size": 63357, "filename": "42329_35755_4822.jpg", "base64_img_data": "", "file_attributes": {}, "regions": {"0": {"shape_attributes": {"name": "polygon", "all_points_x": [447, 488, 524, 589, 598, 595, 590, 558, 516, 464, 425, 382, 353, 328, 319, 317, 323, 332, 351, 415, 419, 431, 447], "all_points_y": [317, 334, 328, 301, 282, 257, 234, 218, 184, 172, 169, 179, 191, 198, 208, 228, 236, 252, 252, 292, 315, 325, 317]}, "region_attributes": {"name": "car"}}, "1": {"shape_attributes": {"name": "polygon", "all_points_x": [367, 379, 338, 273, 242, 224, 224, 226, 223, 218, 220, 227, 246, 284, 367], "all_points_y": [347, 348, 305, 238, 199, 170, 153, 149, 149, 159, 171, 186, 216, 262, 347]}, "region_attributes": {"name": "Llane"}}, "2": {"shape_attributes": {"name": "polygon", "all_points_x": [14, 4, 43, 85, 123, 144, 163, 168, 141, 122, 87, 14], "all_points_y": [299, 300, 254, 210, 175, 162, 152, 151, 167, 181, 215, 299]}, "region_attributes": {"name": "Llane"}}}}, "1132506_898766.jpg16469": {"fileref": "", "size": 16469, "filename": "1132506_898766.jpg", "base64_img_data": "", "file_attributes": {}, "regions": {"0": {"shape_attributes": {"name": "polygon", "all_points_x": [150, 215, 222, 232, 248, 262, 274, 343, 353, 376, 398, 402, 396, 387, 377, 321, 248, 199, 141, 122, 116, 117, 122, 132, 150], "all_points_y": [184, 196, 213, 217, 217, 213, 204, 202, 211, 197, 192, 163, 136, 131, 125, 96, 91, 96, 129, 138, 153, 176, 183, 193, 184]}, "region_attributes": {"name": "car"}}}}, "images-1.jpg5432": {"fileref": "", "size": 5432, "filename": "images-1.jpg", "base64_img_data": "", "file_attributes": {}, "regions": {"0": {"shape_attributes": {"name": "polygon", "all_points_x": [85, 193, 195, 212, 214, 208, 203, 206, 193, 182, 143, 112, 94, 79, 68, 72, 66, 66, 68, 78, 85], "all_points_y": [132, 131, 137, 137, 105, 78, 70, 66, 57, 40, 35, 38, 42, 58, 66, 71, 90, 124, 137, 140, 132]}, "region_attributes": {"name": "car"}}}}, "r13.jpg77530": {"fileref": "", "size": 77530, "filename": "r13.jpg", "base64_img_data": "", "file_attributes": {}, "regions": {"0": {"shape_attributes": {"name": "polygon", "all_points_x": [242, 265, 453, 449, 242], "all_points_y": [552, 551, 391, 391, 552]}, "region_attributes": {"name": "Llane"}}, "1": {"shape_attributes": {"name": "polygon", "all_points_x": [770, 740, 519, 523, 770], "all_points_y": [557, 557, 384, 383, 557]}, "region_attributes": {"name": "Llane"}}}}, "r14.jpg94383": {"fileref": "", "size": 94383, "filename": "r14.jpg", "base64_img_data": "", "file_attributes": {}, "regions": {"0": {"shape_attributes": {"name": "polygon", "all_points_x": [152, 176, 452, 446, 152], "all_points_y": [586, 586, 389, 388, 586]}, "region_attributes": {"name": "Llane"}}, "1": {"shape_attributes": {"name": "polygon", "all_points_x": [574, 565, 543, 550, 574], "all_points_y": [427, 427, 404, 404, 427]}, "region_attributes": {"name": "Slane"}}}}, "restmb_allidxmake.jpg135537": {"fileref": "", "size": 135537, "filename": "restmb_allidxmake.jpg", "base64_img_data": "", "file_attributes": {}, "regions": {"0": {"shape_attributes": {"name": "polygon", "all_points_x": [245, 266, 303, 317, 314, 303, 245], "all_points_y": [461, 462, 321, 256, 254, 293, 461]}, "region_attributes": {"name": "Llane"}}}}, "road.png624738": {"fileref": "", "size": 624738, "filename": "road.png", "base64_img_data": "", "file_attributes": {}, "regions": {"0": {"shape_attributes": {"name": "polygon", "all_points_x": [353, 372, 384, 383, 373, 363, 361, 367, 372, 374, 370, 353], "all_points_y": [511, 511, 388, 351, 323, 315, 316, 322, 336, 355, 398, 511]}, "region_attributes": {"name": "Llane"}}, "1": {"shape_attributes": {"name": "polygon", "all_points_x": [114, 103, 224, 232, 114], "all_points_y": [433, 435, 371, 371, 433]}, "region_attributes": {"name": "Slane"}}, "2": {"shape_attributes": {"name": "polygon", "all_points_x": [282, 279, 298, 301, 282], "all_points_y": [344, 344, 331, 331, 344]}, "region_attributes": {"name": "Slane"}}}}, "road1.jpg10065": {"fileref": "", "size": 10065, "filename": "road1.jpg", "base64_img_data": "", "file_attributes": {}, "regions": {"0": {"shape_attributes": {"name": "polygon", "all_points_x": [161, 186, 187, 192, 192, 185, 172, 161, 157, 156, 156, 156, 160, 161], "all_points_y": [87, 86, 89, 88, 75, 62, 60, 62, 66, 72, 81, 88, 89, 87]}, "region_attributes": {"name": "car"}}}}, "road3.jpg97071": {"fileref": "", "size": 97071, "filename": "road3.jpg", "base64_img_data": "", "file_attributes": {}, "regions": {"0": {"shape_attributes": {"name": "polygon", "all_points_x": [479, 490, 471, 462, 479], "all_points_y": [213, 212, 174, 175, 213]}, "region_attributes": {"name": "Slane"}}, "1": {"shape_attributes": {"name": "polygon", "all_points_x": [520, 506, 549, 566, 520], "all_points_y": [263, 264, 357, 355, 263]}, "region_attributes": {"name": "Slane"}}}}, "road4.png590920": {"fileref": "", "size": 590920, "filename": "road4.png", "base64_img_data": "", "file_attributes": {}, "regions": {"0": {"shape_attributes": {"name": "polygon", "all_points_x": [487, 519, 384, 381, 487], "all_points_y": [511, 511, 259, 259, 511]}, "region_attributes": {"name": "Llane"}}}}, "road6.png274068": {"fileref": "", "size": 274068, "filename": "road6.png", "base64_img_data": "", "file_attributes": {}, "regions": {"0": {"shape_attributes": {"name": "polygon", "all_points_x": [235, 242, 319, 312, 235], "all_points_y": [165, 166, 154, 153, 165]}, "region_attributes": {"name": "Slane"}}}}, "road7.jpg30267": {"fileref": "", "size": 30267, "filename": "road7.jpg", "base64_img_data": "", "file_attributes": {}, "regions": {"0": {"shape_attributes": {"name": "polygon", "all_points_x": [237, 276, 280, 290, 292, 290, 286, 281, 267, 251, 245, 239, 234, 233, 233, 234, 238, 237], "all_points_y": [303, 304, 307, 305, 292, 281, 277, 270, 268, 268, 270, 276, 282, 291, 301, 306, 306, 303]}, "region_attributes": {"name": "car"}}, "1": {"shape_attributes": {"name": "polygon", "all_points_x": [306, 300, 313, 317, 306], "all_points_y": [317, 317, 306, 307, 317]}, "region_attributes": {"name": "Slane"}}, "2": {"shape_attributes": {"name": "polygon", "all_points_x": [424, 419, 405, 412, 424], "all_points_y": [319, 319, 309, 310, 319]}, "region_attributes": {"name": "Slane"}}, "3": {"shape_attributes": {"name": "polygon", "all_points_x": [328, 324, 329, 333, 328], "all_points_y": [299, 299, 294, 294, 299]}, "region_attributes": {"name": "Slane"}}, "4": {"shape_attributes": {"name": "polygon", "all_points_x": [398, 395, 390, 394, 398], "all_points_y": [301, 302, 297, 297, 301]}, "region_attributes": {"name": "Slane"}}, "5": {"shape_attributes": {"name": "polygon", "all_points_x": [408, 393, 391, 390, 392, 402, 409, 411, 412, 412, 410, 408], "all_points_y": [285, 285, 284, 276, 269, 267, 268, 274, 276, 283, 287, 285]}, "region_attributes": {"name": "car"}}}}, "road11..jpg71297": {"fileref": "", "size": 71297, "filename": "road11..jpg", "base64_img_data": "", "file_attributes": {}, "regions": {"0": {"shape_attributes": {"name": "polygon", "all_points_x": [184, 217, 496, 487, 184], "all_points_y": [601, 601, 378, 378, 601]}, "region_attributes": {"name": "Llane"}}, "1": {"shape_attributes": {"name": "polygon", "all_points_x": [852, 819, 553, 559, 852], "all_points_y": [599, 599, 380, 378, 599]}, "region_attributes": {"name": "Llane"}}, "2": {"shape_attributes": {"name": "polygon", "all_points_x": [536, 512, 510, 515, 525, 534, 537, 538, 536], "all_points_y": [371, 372, 362, 352, 350, 351, 359, 367, 371]}, "region_attributes": {"name": "car"}}}}, "road12..jpg81172": {"fileref": "", "size": 81172, "filename": "road12..jpg", "base64_img_data": "", "file_attributes": {}, "regions": {"0": {"shape_attributes": {"name": "polygon", "all_points_x": [134, 165, 483, 477, 134], "all_points_y": [502, 501, 272, 272, 502]}, "region_attributes": {"name": "Llane"}}, "1": {"shape_attributes": {"name": "polygon", "all_points_x": [815, 782, 541, 548, 815], "all_points_y": [493, 495, 275, 275, 493]}, "region_attributes": {"name": "Llane"}}}}, "road13..jpg78738": {"fileref": "", "size": 78738, "filename": "road13..jpg", "base64_img_data": "", "file_attributes": {}, "regions": {"0": {"shape_attributes": {"name": "polygon", "all_points_x": [934, 896, 562, 565, 926, 934], "all_points_y": [569, 570, 349, 347, 566, 569]}, "region_attributes": {"name": "Llane"}}}}, "road14..jpg84618": {"fileref": "", "size": 84618, "filename": "road14..jpg", "base64_img_data": "", "file_attributes": {}, "regions": {"0": {"shape_attributes": {"name": "polygon", "all_points_x": [601, 609, 586, 581, 601], "all_points_y": [389, 389, 370, 372, 389]}, "region_attributes": {"name": "Slane"}}, "1": {"shape_attributes": {"name": "polygon", "all_points_x": [630, 599, 589, 585, 589, 595, 607, 625, 628, 631, 634, 634, 630], "all_points_y": [355, 358, 357, 344, 338, 330, 325, 326, 329, 334, 342, 354, 355]}, "region_attributes": {"name": "car"}}, "2": {"shape_attributes": {"name": "polygon", "all_points_x": [538, 516, 512, 516, 527, 536, 541, 541, 538], "all_points_y": [349, 350, 341, 330, 328, 330, 337, 342, 349]}, "region_attributes": {"name": "car"}}, "3": {"shape_attributes": {"name": "polygon", "all_points_x": [254, 226, 488, 492, 254], "all_points_y": [549, 550, 358, 359, 549]}, "region_attributes": {"name": "Llane"}}}}, "road15..jpg99980": {"fileref": "", "size": 99980, "filename": "road15..jpg", "base64_img_data": "", "file_attributes": {}, "regions": {"0": {"shape_attributes": {"name": "polygon", "all_points_x": [291, 310, 377, 359, 291], "all_points_y": [532, 532, 480, 481, 532]}, "region_attributes": {"name": "Slane"}}, "1": {"shape_attributes": {"name": "polygon", "all_points_x": [416, 405, 433, 443, 419, 416], "all_points_y": [456, 453, 431, 432, 453, 456]}, "region_attributes": {"name": "Slane"}}, "2": {"shape_attributes": {"name": "polygon", "all_points_x": [468, 452, 464, 476, 468], "all_points_y": [408, 419, 420, 409, 408]}, "region_attributes": {"name": "Slane"}}}}}