{"1-5-600x285.jpg30805": {"fileref": "", "size": 30805, "filename": "1-5-600x285.jpg", "base64_img_data": "", "file_attributes": {"name": "load"}, "regions": {"0": {"shape_attributes": {"name": "polygon", "all_points_x": [198, 211, 318, 312, 198], "all_points_y": [284, 284, 163, 165, 284]}, "region_attributes": {}}, "1": {"shape_attributes": {"name": "polygon", "all_points_x": [401, 397, 383, 386, 401], "all_points_y": [180, 180, 151, 150, 180]}, "region_attributes": {}}}}, "99C7D64A5BD15AF415.png572297": {"fileref": "", "size": 572297, "filename": "99C7D64A5BD15AF415.png", "base64_img_data": "", "file_attributes": {"name": "load"}, "regions": {"0": {"shape_attributes": {"name": "polygon", "all_points_x": [342, 349, 346, 340, 342], "all_points_y": [392, 392, 93, 93, 392]}, "region_attributes": {}}, "1": {"shape_attributes": {"name": "polygon", "all_points_x": [356, 362, 354, 350, 356], "all_points_y": [392, 392, 93, 93, 392]}, "region_attributes": {}}}}, "194BC8274BF609635C99F3.jpg41234": {"fileref": "", "size": 41234, "filename": "194BC8274BF609635C99F3.jpg", "base64_img_data": "", "file_attributes": {"name": "load"}, "regions": {"0": {"shape_attributes": {"name": "polygon", "all_points_x": [125, 62, 65, 145, 125], "all_points_y": [297, 158, 158, 297, 297]}, "region_attributes": {}}, "1": {"shape_attributes": {"name": "polygon", "all_points_x": [243, 231, 164, 171, 243], "all_points_y": [269, 270, 217, 217, 269]}, "region_attributes": {}}, "2": {"shape_attributes": {"name": "polygon", "all_points_x": [156, 150, 124, 129, 156], "all_points_y": [207, 208, 187, 187, 207]}, "region_attributes": {}}, "3": {"shape_attributes": {"name": "polygon", "all_points_x": [120, 116, 103, 107, 120], "all_points_y": [181, 182, 170, 170, 181]}, "region_attributes": {}}}}, "245A364156FB8ECC05.jpg122008": {"fileref": "", "size": 122008, "filename": "245A364156FB8ECC05.jpg", "base64_img_data": "", "file_attributes": {"name": "load"}, "regions": {"0": {"shape_attributes": {"name": "polygon", "all_points_x": [517, 481, 490, 527, 517], "all_points_y": [335, 304, 303, 333, 335]}, "region_attributes": {}}, "1": {"shape_attributes": {"name": "polygon", "all_points_x": [260, 247, 199, 219, 260], "all_points_y": [357, 358, 398, 398, 357]}, "region_attributes": {}}}}, "1200px-Jytim13112011.jpg148588": {"fileref": "", "size": 148588, "filename": "1200px-Jytim13112011.jpg", "base64_img_data": "", "file_attributes": {"name": "load"}, "regions": {"0": {"shape_attributes": {"name": "polygon", "all_points_x": [479, 414, 432, 499, 479], "all_points_y": [707, 663, 661, 702, 707]}, "region_attributes": {}}, "1": {"shape_attributes": {"name": "polygon", "all_points_x": [361, 349, 314, 325, 361], "all_points_y": [629, 634, 617, 615, 629]}, "region_attributes": {}}}}, "5739_4096_5714.jpg182423": {"fileref": "", "size": 182423, "filename": "5739_4096_5714.jpg", "base64_img_data": "", "file_attributes": {"name": "load"}, "regions": {"0": {"shape_attributes": {"name": "polygon", "all_points_x": [217, 204, 239, 241, 217], "all_points_y": [324, 325, 228, 228, 324]}, "region_attributes": {}}, "1": {"shape_attributes": {"name": "polygon", "all_points_x": [455, 447, 413, 421, 455], "all_points_y": [298, 299, 281, 279, 298]}, "region_attributes": {}}, "2": {"shape_attributes": {"name": "polygon", "all_points_x": [393, 388, 371, 376, 393], "all_points_y": [267, 268, 259, 259, 267]}, "region_attributes": {}}}}, "16688_7576_5148.jpg29199": {"fileref": "", "size": 29199, "filename": "16688_7576_5148.jpg", "base64_img_data": "", "file_attributes": {"name": "load"}, "regions": {"0": {"shape_attributes": {"name": "polygon", "all_points_x": [73, 94, 317, 309, 73], "all_points_y": [347, 348, 221, 221, 347]}, "region_attributes": {}}, "1": {"shape_attributes": {"name": "polygon", "all_points_x": [426, 419, 397, 403, 426], "all_points_y": [255, 255, 239, 238, 255]}, "region_attributes": {}}}}, "21063F335661441726.jpg121418": {"fileref": "", "size": 121418, "filename": "21063F335661441726.jpg", "base64_img_data": "", "file_attributes": {"name": "load"}, "regions": {"0": {"shape_attributes": {"name": "polygon", "all_points_x": [26, 49, 286, 279, 26], "all_points_y": [312, 313, 177, 177, 312]}, "region_attributes": {}}, "1": {"shape_attributes": {"name": "polygon", "all_points_x": [17, 0, 251, 259, 17], "all_points_y": [301, 300, 183, 183, 301]}, "region_attributes": {}}, "2": {"shape_attributes": {"name": "polygon", "all_points_x": [451, 438, 424, 437, 451], "all_points_y": [243, 243, 225, 225, 243]}, "region_attributes": {}}, "3": {"shape_attributes": {"name": "polygon", "all_points_x": [410, 419, 413, 405, 410], "all_points_y": [206, 205, 198, 198, 206]}, "region_attributes": {}}}}, "73676_108928_1757.png752492": {"fileref": "", "size": 752492, "filename": "73676_108928_1757.png", "base64_img_data": "", "file_attributes": {"name": "load"}, "regions": {"0": {"shape_attributes": {"name": "polygon", "all_points_x": [585, 626, 360, 349, 585], "all_points_y": [429, 428, 178, 176, 429]}, "region_attributes": {}}, "1": {"shape_attributes": {"name": "polygon", "all_points_x": [2, 16, 175, 161, 2], "all_points_y": [237, 237, 172, 172, 237]}, "region_attributes": {}}, "2": {"shape_attributes": {"name": "polygon", "all_points_x": [619, 589, 508, 528, 619], "all_points_y": [370, 371, 301, 301, 370]}, "region_attributes": {}}, "3": {"shape_attributes": {"name": "polygon", "all_points_x": [471, 453, 427, 441, 471], "all_points_y": [257, 259, 235, 233, 257]}, "region_attributes": {}}, "4": {"shape_attributes": {"name": "polygon", "all_points_x": [404, 416, 400, 391, 404], "all_points_y": [216, 216, 204, 205, 216]}, "region_attributes": {}}}}, "343796_763661_445.jpg85389": {"fileref": "", "size": 85389, "filename": "343796_763661_445.jpg", "base64_img_data": "", "file_attributes": {"name": "load"}, "regions": {"0": {"shape_attributes": {"name": "polygon", "all_points_x": [379, 387, 370, 367, 379], "all_points_y": [448, 448, 176, 177, 448]}, "region_attributes": {}}, "1": {"shape_attributes": {"name": "polygon", "all_points_x": [416, 407, 374, 377, 416], "all_points_y": [447, 448, 174, 174, 447]}, "region_attributes": {}}, "2": {"shape_attributes": {"name": "polygon", "all_points_x": [223, 214, 270, 275, 223], "all_points_y": [447, 447, 307, 308, 447]}, "region_attributes": {}}, "3": {"shape_attributes": {"name": "polygon", "all_points_x": [298, 293, 306, 309, 298], "all_points_y": [251, 251, 220, 220, 251]}, "region_attributes": {}}, "4": {"shape_attributes": {"name": "polygon", "all_points_x": [533, 494, 500, 537, 533, 533], "all_points_y": [389, 318, 318, 383, 387, 389]}, "region_attributes": {}}, "5": {"shape_attributes": {"name": "polygon", "all_points_x": [465, 462, 445, 449, 465], "all_points_y": [259, 259, 229, 229, 259]}, "region_attributes": {}}}}, "1139574_417891_1525.jpg160363": {"fileref": "", "size": 160363, "filename": "1139574_417891_1525.jpg", "base64_img_data": "", "file_attributes": {"name": "load"}, "regions": {"0": {"shape_attributes": {"name": "polygon", "all_points_x": [18, 33, 251, 246, 18], "all_points_y": [298, 298, 170, 169, 298]}, "region_attributes": {}}, "1": {"shape_attributes": {"name": "polygon", "all_points_x": [334, 320, 318, 323, 334], "all_points_y": [277, 277, 175, 175, 277]}, "region_attributes": {}}, "2": {"shape_attributes": {"name": "polygon", "all_points_x": [597, 584, 393, 398, 597], "all_points_y": [261, 262, 168, 168, 261]}, "region_attributes": {}}}}, "1373904_2069616_4949.jpg133368": {"fileref": "", "size": 133368, "filename": "1373904_2069616_4949.jpg", "base64_img_data": "", "file_attributes": {"name": "load"}, "regions": {"0": {"shape_attributes": {"name": "polygon", "all_points_x": [20, 27, 160, 157, 20], "all_points_y": [276, 277, 186, 187, 276]}, "region_attributes": {}}, "1": {"shape_attributes": {"name": "polygon", "all_points_x": [197, 190, 225, 229, 197], "all_points_y": [279, 279, 192, 191, 279]}, "region_attributes": {}}, "2": {"shape_attributes": {"name": "polygon", "all_points_x": [377, 369, 302, 307, 377], "all_points_y": [279, 280, 193, 193, 279]}, "region_attributes": {}}}}, "201604071905562.jpg244292": {"fileref": "", "size": 244292, "filename": "201604071905562.jpg", "base64_img_data": "", "file_attributes": {"name": "load"}, "regions": {"0": {"shape_attributes": {"name": "polygon", "all_points_x": [433, 452, 357, 351, 433], "all_points_y": [365, 365, 259, 259, 365]}, "region_attributes": {}}, "1": {"shape_attributes": {"name": "polygon", "all_points_x": [377, 385, 513, 495, 377], "all_points_y": [260, 259, 365, 365, 260]}, "region_attributes": {}}, "2": {"shape_attributes": {"name": "polygon", "all_points_x": [85, 103, 158, 145, 85], "all_points_y": [365, 366, 313, 313, 365]}, "region_attributes": {}}, "3": {"shape_attributes": {"name": "polygon", "all_points_x": [7, 3, 61, 66, 5, 7], "all_points_y": [286, 287, 265, 266, 290, 286]}, "region_attributes": {}}}}, "2014080624301384.jpg178915": {"fileref": "", "size": 178915, "filename": "2014080624301384.jpg", "base64_img_data": "", "file_attributes": {"name": "load"}, "regions": {"0": {"shape_attributes": {"name": "polygon", "all_points_x": [154, 183, 245, 226, 154], "all_points_y": [523, 523, 427, 427, 523]}, "region_attributes": {}}, "1": {"shape_attributes": {"name": "polygon", "all_points_x": [15, 6, 147, 152, 15], "all_points_y": [343, 343, 301, 301, 343]}, "region_attributes": {}}, "2": {"shape_attributes": {"name": "polygon", "all_points_x": [313, 304, 319, 325, 313], "all_points_y": [325, 325, 303, 303, 325]}, "region_attributes": {}}}}, "art_15591169773544_23bb2d.jpg328903": {"fileref": "", "size": 328903, "filename": "art_15591169773544_23bb2d.jpg", "base64_img_data": "", "file_attributes": {"name": "load"}, "regions": {"0": {"shape_attributes": {"name": "polygon", "all_points_x": [1, 18, 266, 259, 1], "all_points_y": [468, 469, 321, 321, 468]}, "region_attributes": {}}, "1": {"shape_attributes": {"name": "polygon", "all_points_x": [1, 21, 213, 205, 5, 1], "all_points_y": [436, 435, 341, 341, 435, 436]}, "region_attributes": {}}, "2": {"shape_attributes": {"name": "polygon", "all_points_x": [373, 356, 346, 355, 373], "all_points_y": [447, 449, 370, 369, 447]}, "region_attributes": {}}, "3": {"shape_attributes": {"name": "polygon", "all_points_x": [535, 527, 465, 470, 535], "all_points_y": [379, 380, 347, 346, 379]}, "region_attributes": {}}, "4": {"shape_attributes": {"name": "polygon", "all_points_x": [348, 343, 341, 345, 348], "all_points_y": [340, 341, 324, 324, 340]}, "region_attributes": {}}}}, "c0221538_599d3ddcdbe72.jpg112484": {"fileref": "", "size": 112484, "filename": "c0221538_599d3ddcdbe72.jpg", "base64_img_data": "", "file_attributes": {"name": "load"}, "regions": {"0": {"shape_attributes": {"name": "polygon", "all_points_x": [53, 73, 277, 269, 53], "all_points_y": [365, 365, 188, 188, 365]}, "region_attributes": {}}, "1": {"shape_attributes": {"name": "polygon", "all_points_x": [485, 466, 351, 355, 485], "all_points_y": [365, 366, 185, 185, 365]}, "region_attributes": {}}}}, "CMS_NEWS_IMAGE_c3sgkLKRDUSC7V8uiqW2.jpg166749": {"fileref": "", "size": 166749, "filename": "CMS_NEWS_IMAGE_c3sgkLKRDUSC7V8uiqW2.jpg", "base64_img_data": "", "file_attributes": {"name": "load"}, "regions": {"0": {"shape_attributes": {"name": "polygon", "all_points_x": [306, 315, 328, 321, 306], "all_points_y": [449, 450, 383, 384, 449]}, "region_attributes": {}}, "1": {"shape_attributes": {"name": "polygon", "all_points_x": [2, 10, 168, 164, 2], "all_points_y": [484, 484, 312, 312, 484]}, "region_attributes": {}}, "2": {"shape_attributes": {"name": "polygon", "all_points_x": [179, 172, 144, 153, 179], "all_points_y": [450, 450, 505, 504, 450]}, "region_attributes": {}}, "3": {"shape_attributes": {"name": "polygon", "all_points_x": [218, 211, 239, 245, 218], "all_points_y": [381, 382, 335, 335, 381]}, "region_attributes": {}}, "4": {"shape_attributes": {"name": "polygon", "all_points_x": [338, 332, 343, 347, 338], "all_points_y": [335, 336, 298, 298, 335]}, "region_attributes": {}}, "5": {"shape_attributes": {"name": "polygon", "all_points_x": [445, 438, 443, 452, 445], "all_points_y": [384, 335, 335, 384, 384]}, "region_attributes": {}}, "6": {"shape_attributes": {"name": "polygon", "all_points_x": [614, 607, 574, 579, 614], "all_points_y": [437, 437, 382, 382, 437]}, "region_attributes": {}}, "7": {"shape_attributes": {"name": "polygon", "all_points_x": [546, 550, 531, 527, 546], "all_points_y": [333, 332, 296, 297, 333]}, "region_attributes": {}}, "8": {"shape_attributes": {"name": "polygon", "all_points_x": [437, 434, 432, 435, 437], "all_points_y": [296, 297, 269, 269, 296]}, "region_attributes": {}}}}, "D3L_2618.jpg73338": {"fileref": "", "size": 73338, "filename": "D3L_2618.jpg", "base64_img_data": "", "file_attributes": {"name": "load"}, "regions": {"0": {"shape_attributes": {"name": "polygon", "all_points_x": [479, 511, 407, 390, 479], "all_points_y": [486, 485, 307, 308, 486]}, "region_attributes": {}}, "1": {"shape_attributes": {"name": "polygon", "all_points_x": [392, 364, 346, 372, 392], "all_points_y": [258, 257, 222, 222, 258]}, "region_attributes": {}}, "2": {"shape_attributes": {"name": "polygon", "all_points_x": [351, 332, 322, 342, 351], "all_points_y": [195, 196, 179, 178, 195]}, "region_attributes": {}}, "3": {"shape_attributes": {"name": "polygon", "all_points_x": [444, 424, 537, 567, 439, 444], "all_points_y": [306, 309, 488, 486, 305, 306]}, "region_attributes": {}}, "4": {"shape_attributes": {"name": "polygon", "all_points_x": [733, 717, 432, 446, 733], "all_points_y": [246, 248, 118, 117, 246]}, "region_attributes": {}}, "5": {"shape_attributes": {"name": "polygon", "all_points_x": [64, 75, 95, 84, 64], "all_points_y": [192, 192, 174, 175, 192]}, "region_attributes": {}}, "6": {"shape_attributes": {"name": "polygon", "all_points_x": [329, 316, 304, 322, 329], "all_points_y": [162, 163, 149, 148, 162]}, "region_attributes": {}}, "7": {"shape_attributes": {"name": "polygon", "all_points_x": [115, 124, 132, 125, 115], "all_points_y": [147, 147, 137, 137, 147]}, "region_attributes": {}}, "8": {"shape_attributes": {"name": "polygon", "all_points_x": [314, 302, 298, 309, 314], "all_points_y": [138, 139, 128, 128, 138]}, "region_attributes": {}}}}, "Dongseo_Elevated_Road.jpg321526": {"fileref": "", "size": 321526, "filename": "Dongseo_Elevated_Road.jpg", "base64_img_data": "", "file_attributes": {"name": "load"}, "regions": {"0": {"shape_attributes": {"name": "polygon", "all_points_x": [16, 48, 344, 334, 16], "all_points_y": [764, 764, 576, 576, 764]}, "region_attributes": {}}, "1": {"shape_attributes": {"name": "polygon", "all_points_x": [673, 646, 613, 636, 673], "all_points_y": [764, 765, 714, 714, 764]}, "region_attributes": {}}, "2": {"shape_attributes": {"name": "polygon", "all_points_x": [588, 572, 552, 568, 588], "all_points_y": [662, 664, 638, 638, 662]}, "region_attributes": {}}, "3": {"shape_attributes": {"name": "polygon", "all_points_x": [519, 532, 542, 530, 519], "all_points_y": [602, 614, 614, 601, 602]}, "region_attributes": {}}}}, "Gaji_Tunnel.jpg3622194": {"fileref": "", "size": 3622194, "filename": "Gaji_Tunnel.jpg", "base64_img_data": "", "file_attributes": {"name": "load"}, "regions": {"0": {"shape_attributes": {"name": "polygon", "all_points_x": [2407, 2477, 2236, 2184, 2407], "all_points_y": [2327, 2327, 2135, 2142, 2327]}, "region_attributes": {}}, "1": {"shape_attributes": {"name": "polygon", "all_points_x": [749, 669, 401, 526, 749], "all_points_y": [2299, 2299, 2435, 2428, 2299]}, "region_attributes": {}}, "2": {"shape_attributes": {"name": "polygon", "all_points_x": [1059, 1010, 1191, 1230, 1059], "all_points_y": [2125, 2128, 2017, 2027, 2125]}, "region_attributes": {}}, "3": {"shape_attributes": {"name": "polygon", "all_points_x": [2094, 2055, 2000, 2031, 2094], "all_points_y": [2034, 2041, 1989, 1982, 2034]}, "region_attributes": {}}, "4": {"shape_attributes": {"name": "polygon", "all_points_x": [1321, 1291, 1361, 1386, 1321], "all_points_y": [1979, 1976, 1937, 1937, 1979]}, "region_attributes": {}}, "5": {"shape_attributes": {"name": "polygon", "all_points_x": [1967, 1969, 1944, 1916, 1937, 1967], "all_points_y": [1951, 1951, 1953, 1921, 1921, 1951]}, "region_attributes": {}}, "6": {"shape_attributes": {"name": "polygon", "all_points_x": [1898, 1916, 1903, 1887, 1898], "all_points_y": [1906, 1904, 1890, 1887, 1906]}, "region_attributes": {}}, "7": {"shape_attributes": {"name": "polygon", "all_points_x": [1442, 1420, 1460, 1475, 1442], "all_points_y": [1915, 1915, 1895, 1895, 1915]}, "region_attributes": {}}}}, "Lane-change-00.png164277": {"fileref": "", "size": 164277, "filename": "Lane-change-00.png", "base64_img_data": "", "file_attributes": {"name": "load"}, "regions": {"0": {"shape_attributes": {"name": "polygon", "all_points_x": [576, 589, 399, 393, 576], "all_points_y": [353, 353, 253, 254, 353]}, "region_attributes": {}}, "1": {"shape_attributes": {"name": "polygon", "all_points_x": [8, 3, 175, 182, 8], "all_points_y": [291, 291, 249, 250, 291]}, "region_attributes": {}}, "2": {"shape_attributes": {"name": "polygon", "all_points_x": [269, 263, 277, 281, 269], "all_points_y": [283, 283, 268, 268, 283]}, "region_attributes": {}}}}, "main-01.jpg43034": {"fileref": "", "size": 43034, "filename": "main-01.jpg", "base64_img_data": "", "file_attributes": {"name": "load"}, "regions": {"0": {"shape_attributes": {"name": "polygon", "all_points_x": [712, 739, 515, 508, 712], "all_points_y": [516, 516, 329, 329, 516]}, "region_attributes": {}}}}, "maxresdefault.jpg109017": {"fileref": "", "size": 109017, "filename": "maxresdefault.jpg", "base64_img_data": "", "file_attributes": {"name": "load"}, "regions": {"0": {"shape_attributes": {"name": "polygon", "all_points_x": [157, 194, 321, 296, 157], "all_points_y": [713, 713, 407, 410, 713]}, "region_attributes": {}}, "1": {"shape_attributes": {"name": "polygon", "all_points_x": [900, 869, 713, 735, 900], "all_points_y": [713, 716, 410, 408, 713]}, "region_attributes": {}}, "2": {"shape_attributes": {"name": "polygon", "all_points_x": [662, 661, 650, 614, 627, 662], "all_points_y": [277, 277, 281, 210, 210, 277]}, "region_attributes": {}}, "3": {"shape_attributes": {"name": "polygon", "all_points_x": [390, 378, 474, 478, 390], "all_points_y": [235, 235, 26, 26, 235]}, "region_attributes": {}}, "4": {"shape_attributes": {"name": "polygon", "all_points_x": [963, 948, 849, 859, 958, 963], "all_points_y": [272, 273, 206, 207, 270, 272]}, "region_attributes": {}}, "5": {"shape_attributes": {"name": "polygon", "all_points_x": [601, 594, 579, 586, 601], "all_points_y": [167, 167, 137, 136, 167]}, "region_attributes": {}}, "6": {"shape_attributes": {"name": "polygon", "all_points_x": [567, 559, 566, 575, 567], "all_points_y": [116, 99, 99, 116, 116]}, "region_attributes": {}}, "7": {"shape_attributes": {"name": "polygon", "all_points_x": [548, 553, 558, 552, 548], "all_points_y": [76, 87, 87, 75, 76]}, "region_attributes": {}}}}, "NISI20120921_0007066887_web.jpg161421": {"fileref": "", "size": 161421, "filename": "NISI20120921_0007066887_web.jpg", "base64_img_data": "", "file_attributes": {"name": "load"}, "regions": {"0": {"shape_attributes": {"name": "polygon", "all_points_x": [431, 449, 381, 378, 431], "all_points_y": [264, 263, 110, 110, 264]}, "region_attributes": {}}}}, "NISI20190108_0000256259_web.jpg127652": {"fileref": "", "size": 127652, "filename": "NISI20190108_0000256259_web.jpg", "base64_img_data": "", "file_attributes": {"name": "load"}, "regions": {"0": {"shape_attributes": {"name": "polygon", "all_points_x": [10, 27, 93, 83, 10], "all_points_y": [244, 245, 193, 193, 244]}, "region_attributes": {}}, "1": {"shape_attributes": {"name": "polygon", "all_points_x": [145, 136, 151, 156, 145], "all_points_y": [157, 157, 148, 148, 157]}, "region_attributes": {}}, "2": {"shape_attributes": {"name": "polygon", "all_points_x": [280, 273, 265, 271, 280], "all_points_y": [178, 178, 162, 162, 178]}, "region_attributes": {}}, "3": {"shape_attributes": {"name": "polygon", "all_points_x": [256, 261, 257, 251, 256], "all_points_y": [148, 148, 141, 141, 148]}, "region_attributes": {}}, "4": {"shape_attributes": {"name": "polygon", "all_points_x": [171, 167, 173, 178, 171], "all_points_y": [137, 138, 133, 133, 137]}, "region_attributes": {}}}}, "r1.jpg109500": {"fileref": "", "size": 109500, "filename": "r1.jpg", "base64_img_data": "", "file_attributes": {"name": "load"}, "regions": {"0": {"shape_attributes": {"name": "polygon", "all_points_x": [2, 31, 264, 254, 2], "all_points_y": [582, 582, 430, 430, 582]}, "region_attributes": {}}, "1": {"shape_attributes": {"name": "polygon", "all_points_x": [628, 588, 397, 406, 628], "all_points_y": [632, 634, 431, 431, 632]}, "region_attributes": {}}, "2": {"shape_attributes": {"name": "polygon", "all_points_x": [396, 389, 367, 371, 396], "all_points_y": [422, 423, 401, 401, 422]}, "region_attributes": {}}, "3": {"shape_attributes": {"name": "polygon", "all_points_x": [272, 268, 298, 305, 272], "all_points_y": [423, 423, 407, 406, 423]}, "region_attributes": {}}}}, "r2.jpg100123": {"fileref": "", "size": 100123, "filename": "r2.jpg", "base64_img_data": "", "file_attributes": {"name": "load"}, "regions": {"0": {"shape_attributes": {"name": "polygon", "all_points_x": [88, 117, 444, 441, 88], "all_points_y": [617, 617, 392, 392, 617]}, "region_attributes": {}}, "1": {"shape_attributes": {"name": "polygon", "all_points_x": [740, 713, 644, 660, 740], "all_points_y": [589, 591, 514, 512, 589]}, "region_attributes": {}}, "2": {"shape_attributes": {"name": "polygon", "all_points_x": [560, 552, 537, 541, 560], "all_points_y": [417, 418, 400, 399, 417]}, "region_attributes": {}}}}, "r3.jpg89313": {"fileref": "", "size": 89313, "filename": "r3.jpg", "base64_img_data": "", "file_attributes": {"name": "load"}, "regions": {"0": {"shape_attributes": {"name": "polygon", "all_points_x": [230, 255, 455, 447, 230], "all_points_y": [599, 599, 425, 425, 599]}, "region_attributes": {}}, "1": {"shape_attributes": {"name": "polygon", "all_points_x": [777, 749, 535, 541, 775, 777], "all_points_y": [581, 581, 413, 412, 578, 581]}, "region_attributes": {}}}}, "r4.jpg118786": {"fileref": "", "size": 118786, "filename": "r4.jpg", "base64_img_data": "", "file_attributes": {"name": "load"}, "regions": {"0": {"shape_attributes": {"name": "polygon", "all_points_x": [259, 277, 456, 451, 259], "all_points_y": [558, 557, 405, 405, 558]}, "region_attributes": {}}, "1": {"shape_attributes": {"name": "polygon", "all_points_x": [729, 710, 609, 619, 729], "all_points_y": [544, 547, 465, 465, 544]}, "region_attributes": {}}, "2": {"shape_attributes": {"name": "polygon", "all_points_x": [557, 550, 537, 541, 557], "all_points_y": [422, 423, 411, 410, 422]}, "region_attributes": {}}}}, "r5.jpg299312": {"fileref": "", "size": 299312, "filename": "r5.jpg", "base64_img_data": "", "file_attributes": {"name": "load"}, "regions": {"0": {"shape_attributes": {"name": "polygon", "all_points_x": [758, 786, 546, 542, 758], "all_points_y": [628, 627, 415, 415, 628]}, "region_attributes": {}}, "1": {"shape_attributes": {"name": "polygon", "all_points_x": [388, 381, 425, 430, 388], "all_points_y": [465, 465, 433, 434, 465]}, "region_attributes": {}}}}, "r7.jpg137992": {"fileref": "", "size": 137992, "filename": "r7.jpg", "base64_img_data": "", "file_attributes": {"name": "load"}, "regions": {"0": {"shape_attributes": {"name": "polygon", "all_points_x": [194, 220, 369, 360, 194], "all_points_y": [586, 585, 463, 464, 586]}, "region_attributes": {}}, "1": {"shape_attributes": {"name": "polygon", "all_points_x": [769, 743, 520, 525, 769], "all_points_y": [599, 600, 413, 412, 599]}, "region_attributes": {}}, "2": {"shape_attributes": {"name": "polygon", "all_points_x": [834, 802, 698, 716, 829, 834], "all_points_y": [602, 606, 528, 526, 599, 602]}, "region_attributes": {}}, "3": {"shape_attributes": {"name": "polygon", "all_points_x": [641, 625, 601, 611, 641], "all_points_y": [480, 481, 461, 460, 480]}, "region_attributes": {}}, "4": {"shape_attributes": {"name": "polygon", "all_points_x": [425, 421, 435, 437, 425], "all_points_y": [418, 419, 407, 407, 418]}, "region_attributes": {}}, "5": {"shape_attributes": {"name": "polygon", "all_points_x": [15, 5, 285, 291, 15], "all_points_y": [506, 506, 428, 429, 506]}, "region_attributes": {}}, "6": {"shape_attributes": {"name": "polygon", "all_points_x": [581, 572, 558, 566, 581], "all_points_y": [441, 443, 433, 431, 441]}, "region_attributes": {}}}}, "r8.jpg110820": {"fileref": "", "size": 110820, "filename": "r8.jpg", "base64_img_data": "", "file_attributes": {"name": "load"}, "regions": {"0": {"shape_attributes": {"name": "polygon", "all_points_x": [677, 706, 571, 526, 512, 507, 545, 585, 677], "all_points_y": [579, 579, 453, 417, 409, 409, 439, 481, 579]}, "region_attributes": {}}, "1": {"shape_attributes": {"name": "polygon", "all_points_x": [389, 381, 412, 415, 389], "all_points_y": [439, 439, 417, 417, 439]}, "region_attributes": {}}, "2": {"shape_attributes": {"name": "polygon", "all_points_x": [297, 283, 129, 155, 297], "all_points_y": [500, 499, 589, 588, 500]}, "region_attributes": {}}, "3": {"shape_attributes": {"name": "polygon", "all_points_x": [425, 421, 432, 436, 425], "all_points_y": [408, 408, 394, 393, 408]}, "region_attributes": {}}}}, "r9.jpg101604": {"fileref": "", "size": 101604, "filename": "r9.jpg", "base64_img_data": "", "file_attributes": {"name": "load"}, "regions": {"0": {"shape_attributes": {"name": "polygon", "all_points_x": [213, 237, 403, 452, 447, 213], "all_points_y": [569, 570, 441, 404, 404, 569]}, "region_attributes": {}}, "1": {"shape_attributes": {"name": "polygon", "all_points_x": [634, 621, 568, 575, 634], "all_points_y": [471, 473, 427, 426, 471]}, "region_attributes": {}}, "2": {"shape_attributes": {"name": "polygon", "all_points_x": [547, 544, 533, 537, 547], "all_points_y": [407, 407, 399, 399, 407]}, "region_attributes": {}}}}, "r10.jpg105888": {"fileref": "", "size": 105888, "filename": "r10.jpg", "base64_img_data": "", "file_attributes": {"name": "load"}, "regions": {"0": {"shape_attributes": {"name": "polygon", "all_points_x": [255, 280, 463, 458, 259, 255], "all_points_y": [567, 567, 404, 404, 565, 567]}, "region_attributes": {}}, "1": {"shape_attributes": {"name": "polygon", "all_points_x": [798, 777, 541, 545, 798], "all_points_y": [568, 571, 403, 402, 568]}, "region_attributes": {}}}}, "r11.jpg91900": {"fileref": "", "size": 91900, "filename": "r11.jpg", "base64_img_data": "", "file_attributes": {"name": "load"}, "regions": {"0": {"shape_attributes": {"name": "polygon", "all_points_x": [223, 243, 443, 438, 223], "all_points_y": [534, 535, 388, 388, 534]}, "region_attributes": {}}, "1": {"shape_attributes": {"name": "polygon", "all_points_x": [731, 708, 535, 541, 731], "all_points_y": [531, 533, 384, 383, 531]}, "region_attributes": {}}, "2": {"shape_attributes": {"name": "polygon", "all_points_x": [1053, 1074, 691, 683, 1053], "all_points_y": [483, 485, 393, 393, 483]}, "region_attributes": {}}}}, "r12.jpg123513": {"fileref": "", "size": 123513, "filename": "r12.jpg", "base64_img_data": "", "file_attributes": {"name": "load"}, "regions": {"0": {"shape_attributes": {"name": "polygon", "all_points_x": [232, 259, 463, 459, 235, 232], "all_points_y": [559, 559, 385, 385, 557, 559]}, "region_attributes": {}}, "1": {"shape_attributes": {"name": "polygon", "all_points_x": [661, 645, 584, 591, 661], "all_points_y": [464, 466, 415, 415, 464]}, "region_attributes": {}}, "2": {"shape_attributes": {"name": "polygon", "all_points_x": [556, 551, 540, 543, 556], "all_points_y": [393, 394, 384, 384, 393]}, "region_attributes": {}}}}, "r13.jpg77530": {"fileref": "", "size": 77530, "filename": "r13.jpg", "base64_img_data": "", "file_attributes": {"name": "load"}, "regions": {"0": {"shape_attributes": {"name": "polygon", "all_points_x": [233, 255, 454, 449, 233], "all_points_y": [561, 561, 389, 389, 561]}, "region_attributes": {}}, "1": {"shape_attributes": {"name": "polygon", "all_points_x": [739, 718, 528, 531, 739], "all_points_y": [537, 538, 390, 389, 537]}, "region_attributes": {}}}}, "r14.jpg94383": {"fileref": "", "size": 94383, "filename": "r14.jpg", "base64_img_data": "", "file_attributes": {"name": "load"}, "regions": {"0": {"shape_attributes": {"name": "polygon", "all_points_x": [207, 229, 423, 417, 207], "all_points_y": [547, 547, 407, 407, 547]}, "region_attributes": {}}, "1": {"shape_attributes": {"name": "polygon", "all_points_x": [431, 425, 453, 457, 431], "all_points_y": [403, 403, 384, 383, 403]}, "region_attributes": {}}, "2": {"shape_attributes": {"name": "polygon", "all_points_x": [544, 568, 576, 551, 544], "all_points_y": [405, 428, 428, 405, 405]}, "region_attributes": {}}, "3": {"shape_attributes": {"name": "polygon", "all_points_x": [522, 528, 532, 525, 522], "all_points_y": [384, 390, 389, 384, 384]}, "region_attributes": {}}}}, "restmb_allidxmake.jpg135537": {"fileref": "", "size": 135537, "filename": "restmb_allidxmake.jpg", "base64_img_data": "", "file_attributes": {"name": "load"}, "regions": {"0": {"shape_attributes": {"name": "polygon", "all_points_x": [6, 17, 262, 258, 6], "all_points_y": [379, 381, 263, 263, 379]}, "region_attributes": {}}, "1": {"shape_attributes": {"name": "polygon", "all_points_x": [284, 269, 312, 315, 284], "all_points_y": [391, 393, 264, 264, 391]}, "region_attributes": {}}}}, "road.png624738": {"fileref": "", "size": 624738, "filename": "road.png", "base64_img_data": "", "file_attributes": {"name": "load"}, "regions": {"0": {"shape_attributes": {"name": "polygon", "all_points_x": [351, 369, 374, 376, 371, 368, 371, 379, 382, 383, 377, 375, 351], "all_points_y": [508, 414, 374, 347, 329, 323, 323, 336, 357, 387, 474, 507, 508]}, "region_attributes": {}}, "1": {"shape_attributes": {"name": "polygon", "all_points_x": [115, 101, 226, 231, 115], "all_points_y": [433, 436, 369, 371, 433]}, "region_attributes": {}}, "2": {"shape_attributes": {"name": "polygon", "all_points_x": [282, 278, 297, 300, 282], "all_points_y": [344, 344, 332, 332, 344]}, "region_attributes": {}}}}, "road1.jpg10065": {"fileref": "", "size": 10065, "filename": "road1.jpg", "base64_img_data": "", "file_attributes": {"name": "load"}, "regions": {"0": {"shape_attributes": {"name": "polygon", "all_points_x": [17, 31, 148, 143, 19, 17], "all_points_y": [151, 151, 85, 85, 151, 151]}, "region_attributes": {}}, "1": {"shape_attributes": {"name": "polygon", "all_points_x": [32, 23, 129, 133, 32], "all_points_y": [137, 137, 89, 89, 137]}, "region_attributes": {}}, "2": {"shape_attributes": {"name": "polygon", "all_points_x": [223, 217, 211, 216, 223], "all_points_y": [119, 120, 111, 111, 119]}, "region_attributes": {}}, "3": {"shape_attributes": {"name": "polygon", "all_points_x": [208, 204, 201, 205, 208], "all_points_y": [101, 102, 98, 97, 101]}, "region_attributes": {}}}}, "road3.jpg97071": {"fileref": "", "size": 97071, "filename": "road3.jpg", "base64_img_data": "", "file_attributes": {"name": "load"}, "regions": {"0": {"shape_attributes": {"name": "polygon", "all_points_x": [119, 139, 338, 342, 339, 286, 183, 119], "all_points_y": [383, 383, 69, 61, 63, 143, 290, 383]}, "region_attributes": {}}, "1": {"shape_attributes": {"name": "polygon", "all_points_x": [545, 563, 517, 505, 545], "all_points_y": [347, 346, 259, 261, 347]}, "region_attributes": {}}, "2": {"shape_attributes": {"name": "polygon", "all_points_x": [489, 481, 461, 469, 489], "all_points_y": [211, 212, 173, 173, 211]}, "region_attributes": {}}, "3": {"shape_attributes": {"name": "polygon", "all_points_x": [433, 429, 422, 427, 433], "all_points_y": [111, 112, 97, 97, 111]}, "region_attributes": {}}, "4": {"shape_attributes": {"name": "polygon", "all_points_x": [412, 417, 420, 415, 412], "all_points_y": [81, 88, 88, 80, 81]}, "region_attributes": {}}}}, "road4.png590920": {"fileref": "", "size": 590920, "filename": "road4.png", "base64_img_data": "", "file_attributes": {"name": "load"}, "regions": {"0": {"shape_attributes": {"name": "polygon", "all_points_x": [451, 472, 384, 380, 451], "all_points_y": [427, 427, 259, 259, 427]}, "region_attributes": {}}, "1": {"shape_attributes": {"name": "polygon", "all_points_x": [707, 697, 454, 459, 707], "all_points_y": [373, 374, 271, 269, 373]}, "region_attributes": {}}, "2": {"shape_attributes": {"name": "polygon", "all_points_x": [117, 98, 241, 248, 117], "all_points_y": [423, 425, 325, 324, 423]}, "region_attributes": {}}}}, "road6.png274068": {"fileref": "", "size": 274068, "filename": "road6.png", "base64_img_data": "", "file_attributes": {"name": "load"}, "regions": {"0": {"shape_attributes": {"name": "polygon", "all_points_x": [48, 66, 344, 334, 48], "all_points_y": [258, 260, 187, 186, 258]}, "region_attributes": {}}, "1": {"shape_attributes": {"name": "polygon", "all_points_x": [319, 310, 234, 240, 319], "all_points_y": [154, 153, 164, 165, 154]}, "region_attributes": {}}}}, "road7.jpg30267": {"fileref": "", "size": 30267, "filename": "road7.jpg", "base64_img_data": "", "file_attributes": {"name": "load"}, "regions": {"0": {"shape_attributes": {"name": "polygon", "all_points_x": [300, 306, 317, 313, 300], "all_points_y": [316, 316, 306, 306, 316]}, "region_attributes": {}}, "1": {"shape_attributes": {"name": "polygon", "all_points_x": [419, 425, 410, 406, 419], "all_points_y": [319, 319, 309, 310, 319]}, "region_attributes": {}}, "2": {"shape_attributes": {"name": "polygon", "all_points_x": [517, 531, 467, 459, 517], "all_points_y": [389, 390, 347, 347, 389]}, "region_attributes": {}}, "3": {"shape_attributes": {"name": "polygon", "all_points_x": [208, 194, 264, 270, 208], "all_points_y": [388, 388, 341, 341, 388]}, "region_attributes": {}}, "4": {"shape_attributes": {"name": "polygon", "all_points_x": [330, 322, 327, 332, 330], "all_points_y": [294, 300, 300, 294, 294]}, "region_attributes": {}}, "5": {"shape_attributes": {"name": "polygon", "all_points_x": [390, 396, 397, 390], "all_points_y": [296, 302, 301, 296]}, "region_attributes": {}}}}, "road11..jpg71297": {"fileref": "", "size": 71297, "filename": "road11..jpg", "base64_img_data": "", "file_attributes": {"name": "load"}, "regions": {"0": {"shape_attributes": {"name": "polygon", "all_points_x": [219, 245, 498, 493, 219], "all_points_y": [577, 576, 375, 375, 577]}, "region_attributes": {}}, "1": {"shape_attributes": {"name": "polygon", "all_points_x": [813, 789, 563, 568, 813], "all_points_y": [570, 571, 386, 387, 570]}, "region_attributes": {}}}}, "road12..jpg81172": {"fileref": "", "size": 81172, "filename": "road12..jpg", "base64_img_data": "", "file_attributes": {"name": "load"}, "regions": {"0": {"shape_attributes": {"name": "polygon", "all_points_x": [228, 254, 465, 456, 228], "all_points_y": [437, 437, 285, 284, 437]}, "region_attributes": {}}, "1": {"shape_attributes": {"name": "polygon", "all_points_x": [767, 741, 557, 562, 767], "all_points_y": [455, 455, 288, 288, 455]}, "region_attributes": {}}}}, "road13..jpg78738": {"fileref": "", "size": 78738, "filename": "road13..jpg", "base64_img_data": "", "file_attributes": {"name": "load"}, "regions": {"0": {"shape_attributes": {"name": "polygon", "all_points_x": [236, 271, 483, 476, 241, 236], "all_points_y": [573, 573, 366, 366, 572, 573]}, "region_attributes": {}}, "1": {"shape_attributes": {"name": "polygon", "all_points_x": [957, 921, 601, 609, 957], "all_points_y": [588, 588, 374, 376, 588]}, "region_attributes": {}}}}, "road14..jpg84618": {"fileref": "", "size": 84618, "filename": "road14..jpg", "base64_img_data": "", "file_attributes": {"name": "load"}, "regions": {"0": {"shape_attributes": {"name": "polygon", "all_points_x": [201, 230, 473, 465, 201], "all_points_y": [568, 569, 376, 376, 568]}, "region_attributes": {}}, "1": {"shape_attributes": {"name": "polygon", "all_points_x": [864, 824, 684, 699, 857, 864], "all_points_y": [578, 578, 456, 457, 575, 578]}, "region_attributes": {}}, "2": {"shape_attributes": {"name": "polygon", "all_points_x": [608, 602, 581, 587, 608], "all_points_y": [390, 390, 373, 373, 390]}, "region_attributes": {}}, "3": {"shape_attributes": {"name": "polygon", "all_points_x": [571, 568, 561, 563, 571], "all_points_y": [363, 363, 357, 356, 363]}, "region_attributes": {}}}}, "road15..jpg99980": {"fileref": "", "size": 99980, "filename": "road15..jpg", "base64_img_data": "", "file_attributes": {"name": "load"}, "regions": {"0": {"shape_attributes": {"name": "polygon", "all_points_x": [836, 867, 718, 665, 624, 611, 607, 647, 691, 773, 836], "all_points_y": [547, 549, 445, 409, 377, 367, 369, 402, 435, 499, 547]}, "region_attributes": {}}, "1": {"shape_attributes": {"name": "polygon", "all_points_x": [309, 288, 361, 375, 309], "all_points_y": [533, 533, 482, 481, 533]}, "region_attributes": {}}, "2": {"shape_attributes": {"name": "polygon", "all_points_x": [414, 405, 433, 441, 414], "all_points_y": [453, 453, 431, 431, 453]}, "region_attributes": {}}, "3": {"shape_attributes": {"name": "polygon", "all_points_x": [212, 188, 453, 476, 480, 371, 212], "all_points_y": [570, 570, 413, 398, 399, 468, 570]}, "region_attributes": {}}, "4": {"shape_attributes": {"name": "polygon", "all_points_x": [461, 452, 468, 474, 461], "all_points_y": [420, 421, 409, 410, 420]}, "region_attributes": {}}, "5": {"shape_attributes": {"name": "polygon", "all_points_x": [480, 486, 494, 487, 480], "all_points_y": [402, 402, 396, 397, 402]}, "region_attributes": {}}, "6": {"shape_attributes": {"name": "polygon", "all_points_x": [17, 6, 174, 182, 17], "all_points_y": [489, 489, 445, 445, 489]}, "region_attributes": {}}}}}