{"0117-1.jpg99529":{"fileref":"","size":99529,"filename":"0117-1.jpg","base64_img_data":"","file_attributes":{},"regions":{"0":{"shape_attributes":{"name":"polygon","all_points_x":[293,339,345,351,354,360,365,367,362,367,358,350,333,313,299,291,287,285,281,284,286,293],"all_points_y":[287,288,291,291,285,286,285,261,252,249,244,234,230,229,233,244,251,262,273,283,288,287]},"region_attributes":{"name":"car"}},"1":{"shape_attributes":{"name":"polygon","all_points_x":[484,503,504,509,511,511,506,501,492,483,480,478,478,479,479,484],"all_points_y":[262,262,264,264,251,247,241,240,239,240,246,248,254,259,262,262]},"region_attributes":{"name":"car"}},"2":{"shape_attributes":{"name":"polygon","all_points_x":[633,623,581,547,525,520,521,531,547,592,633],"all_points_y":[345,346,317,290,270,260,260,272,285,317,345]},"region_attributes":{"name":"Llane"}},"3":{"shape_attributes":{"name":"polygon","all_points_x":[438,433,445,450,438],"all_points_y":[277,277,268,268,277]},"region_attributes":{"name":"Slane"}}}},"0117-2.jpg76368":{"fileref":"","size":76368,"filename":"0117-2.jpg","base64_img_data":"","file_attributes":{},"regions":{"0":{"shape_attributes":{"name":"polygon","all_points_x":[237,251,290,311,319,320,319,316,316,311,298,237],"all_points_y":[448,449,403,377,361,352,349,349,355,368,385,448]},"region_attributes":{"name":"Llane"}},"1":{"shape_attributes":{"name":"polygon","all_points_x":[495,529,533,543,545,553,555,553,533,530,525,523,509,487,476,465,458,453,453,458,455,457,460,463,471,472,486,488,493,495],"all_points_y":[377,377,383,383,371,364,352,350,345,332,321,316,314,314,314,316,331,332,337,341,357,365,376,382,376,372,373,383,383,377]},"region_attributes":{"name":"car"}},"2":{"shape_attributes":{"name":"polygon","all_points_x":[491,484,439,443,491],"all_points_y":[415,414,387,387,415]},"region_attributes":{"name":"Slane"}},"3":{"shape_attributes":{"name":"polygon","all_points_x":[407,404,391,395,407],"all_points_y":[369,369,363,363,369]},"region_attributes":{"name":"Slane"}}}},"0117-3.jpg122585":{"fileref":"","size":122585,"filename":"0117-3.jpg","base64_img_data":"","file_attributes":{},"regions":{"0":{"shape_attributes":{"name":"polygon","all_points_x":[421,427,449,441,421],"all_points_y":[416,416,393,393,416]},"region_attributes":{"name":"Slane"}},"1":{"shape_attributes":{"name":"polygon","all_points_x":[593,585,551,557,593],"all_points_y":[419,420,397,398,419]},"region_attributes":{"name":"Slane"}},"2":{"shape_attributes":{"name":"polygon","all_points_x":[585,558,547,546,547,549,546,551,556,571,585,594,595,595,585],"all_points_y":[386,386,385,378,369,367,363,362,357,355,357,366,375,385,386]},"region_attributes":{"name":"car"}},"3":{"shape_attributes":{"name":"polygon","all_points_x":[475,497,501,503,505,505,499,487,473,469,467,468,468,475],"all_points_y":[379,379,379,380,367,362,349,347,349,357,364,373,381,379]},"region_attributes":{"name":"car"}}}},"0117-4.jpg129765":{"fileref":"","size":129765,"filename":"0117-4.jpg","base64_img_data":"","file_attributes":{},"regions":{"0":{"shape_attributes":{"name":"polygon","all_points_x":[455,473,501,523,531,533,529,529,522,507,455],"all_points_y":[454,455,414,383,366,359,356,363,378,395,454]},"region_attributes":{"name":"Llane"}},"1":{"shape_attributes":{"name":"polygon","all_points_x":[580,555,549,547,550,554,571,581,584,586,586,584,580],"all_points_y":[368,368,367,356,349,338,337,340,347,353,359,365,368]},"region_attributes":{"name":"car"}},"2":{"shape_attributes":{"name":"polygon","all_points_x":[694,652,650,640,638,637,638,640,639,644,650,656,678,687,694,699,700,699,694],"all_points_y":[377,377,379,376,376,364,356,355,353,350,341,340,341,342,352,358,365,376,377]},"region_attributes":{"name":"car"}},"3":{"shape_attributes":{"name":"polygon","all_points_x":[849,797,791,786,785,771,767,763,763,770,772,783,794,818,833,849,849,854,852,849],"all_points_y":[386,386,387,387,385,384,385,376,362,360,356,349,345,343,346,356,361,368,377,386]},"region_attributes":{"name":"car"}},"4":{"shape_attributes":{"name":"polygon","all_points_x":[639,632,606,610,639],"all_points_y":[386,388,373,372,386]},"region_attributes":{"name":"Slane"}}}},"0117-5.jpg68651":{"fileref":"","size":68651,"filename":"0117-5.jpg","base64_img_data":"","file_attributes":{},"regions":{"0":{"shape_attributes":{"name":"polygon","all_points_x":[201,255,263,275,280,286,289,296,297,294,294,286,276,263,228,200,188,179,181,181,181,195,201],"all_points_y":[363,363,371,371,362,361,368,361,336,321,314,311,296,287,284,289,306,325,337,352,368,374,363]},"region_attributes":{"name":"car"}},"1":{"shape_attributes":{"name":"polygon","all_points_x":[347,329,323,323,323,326,329,329,343,352,357,359,358,357,351,347],"all_points_y":[333,333,337,335,318,313,311,308,308,309,316,321,327,333,337,333]},"region_attributes":{"name":"car"}},"2":{"shape_attributes":{"name":"polygon","all_points_x":[225,207,311,319,225],"all_points_y":[439,438,369,369,439]},"region_attributes":{"name":"Slane"}},"3":{"shape_attributes":{"name":"polygon","all_points_x":[575,558,417,419,575],"all_points_y":[454,455,330,330,454]},"region_attributes":{"name":"Llane"}},"4":{"shape_attributes":{"name":"polygon","all_points_x":[386,399,402,399,393,387,384,386],"all_points_y":[324,323,320,311,311,311,316,324]},"region_attributes":{"name":"car"}},"5":{"shape_attributes":{"name":"polygon","all_points_x":[345,341,354,358,345],"all_points_y":[351,351,340,340,351]},"region_attributes":{"name":"Slane"}}}},"0117-6.jpg80742":{"fileref":"","size":80742,"filename":"0117-6.jpg","base64_img_data":"","file_attributes":{},"regions":{"0":{"shape_attributes":{"name":"polygon","all_points_x":[355,367,420,413,355],"all_points_y":[433,433,398,397,433]},"region_attributes":{"name":"Slane"}},"1":{"shape_attributes":{"name":"polygon","all_points_x":[452,444,438,447,452],"all_points_y":[375,383,383,376,375]},"region_attributes":{"name":"Slane"}},"2":{"shape_attributes":{"name":"polygon","all_points_x":[619,609,509,512,619],"all_points_y":[442,443,368,368,442]},"region_attributes":{"name":"Llane"}},"3":{"shape_attributes":{"name":"polygon","all_points_x":[354,392,395,400,403,405,409,411,407,408,403,396,385,365,355,349,345,344,345,353,354],"all_points_y":[383,384,389,388,383,383,384,371,362,359,355,349,345,345,348,355,362,375,387,387,383]},"region_attributes":{"name":"car"}},"4":{"shape_attributes":{"name":"polygon","all_points_x":[499,486,484,481,480,484,502,505,505,504,499],"all_points_y":[367,366,368,368,357,349,348,354,365,366,367]},"region_attributes":{"name":"car"}}}},"0117-7.jpg71698":{"fileref":"","size":71698,"filename":"0117-7.jpg","base64_img_data":"","file_attributes":{},"regions":{"0":{"shape_attributes":{"name":"polygon","all_points_x":[331,367,370,377,387,387,383,385,379,376,368,345,333,325,323,322,321,323,331,331],"all_points_y":[421,421,425,424,419,403,392,389,385,379,375,373,376,388,393,404,415,423,424,421]},"region_attributes":{"name":"car"}}}},"28643_104880_2814.jpg331716":{"fileref":"","size":331716,"filename":"28643_104880_2814.jpg","base64_img_data":"","file_attributes":{},"regions":{"0":{"shape_attributes":{"name":"polygon","all_points_x":[289,434,498,532,585,607,776,809,854,880,884,862,810,788,776,754,685,607,465,422,413,328,212,158,148,130,123,130,191,227,276,289],"all_points_y":[493,497,509,537,539,507,492,520,517,480,409,371,340,332,312,307,250,228,224,225,224,236,292,317,322,385,405,474,486,526,516,493]},"region_attributes":{"name":"car"}}}},"42329_35755_4822.jpg63357":{"fileref":"","size":63357,"filename":"42329_35755_4822.jpg","base64_img_data":"","file_attributes":{},"regions":{"0":{"shape_attributes":{"name":"polygon","all_points_x":[447,488,524,589,598,595,590,558,516,464,425,382,353,328,319,317,323,332,351,415,419,431,447],"all_points_y":[317,334,328,301,282,257,234,218,184,172,169,179,191,198,208,228,236,252,252,292,315,325,317]},"region_attributes":{"name":"car"}},"1":{"shape_attributes":{"name":"polygon","all_points_x":[367,379,338,273,242,224,224,226,223,218,220,227,246,284,367],"all_points_y":[347,348,305,238,199,170,153,149,149,159,171,186,216,262,347]},"region_attributes":{"name":"Llane"}},"2":{"shape_attributes":{"name":"polygon","all_points_x":[14,4,43,85,123,144,163,168,141,122,87,14],"all_points_y":[299,300,254,210,175,162,152,151,167,181,215,299]},"region_attributes":{"name":"Llane"}}}},"1132506_898766.jpg16469":{"fileref":"","size":16469,"filename":"1132506_898766.jpg","base64_img_data":"","file_attributes":{},"regions":{"0":{"shape_attributes":{"name":"polygon","all_points_x":[150,215,222,232,248,262,274,343,353,376,398,402,396,387,377,321,248,199,141,122,116,117,122,132,150],"all_points_y":[184,196,213,217,217,213,204,202,211,197,192,163,136,131,125,96,91,96,129,138,153,176,183,193,184]},"region_attributes":{"name":"car"}}}},"images-1.jpg5432":{"fileref":"","size":5432,"filename":"images-1.jpg","base64_img_data":"","file_attributes":{},"regions":{"0":{"shape_attributes":{"name":"polygon","all_points_x":[85,193,195,212,214,208,203,206,193,182,143,112,94,79,68,72,66,66,68,78,85],"all_points_y":[132,131,137,137,105,78,70,66,57,40,35,38,42,58,66,71,90,124,137,140,132]},"region_attributes":{"name":"car"}}}},"r13.jpg77530":{"fileref":"","size":77530,"filename":"r13.jpg","base64_img_data":"","file_attributes":{},"regions":{"0":{"shape_attributes":{"name":"polygon","all_points_x":[242,265,453,449,242],"all_points_y":[552,551,391,391,552]},"region_attributes":{"name":"Llane"}},"1":{"shape_attributes":{"name":"polygon","all_points_x":[770,740,519,523,770],"all_points_y":[557,557,384,383,557]},"region_attributes":{"name":"Llane"}}}},"r14.jpg94383":{"fileref":"","size":94383,"filename":"r14.jpg","base64_img_data":"","file_attributes":{},"regions":{"0":{"shape_attributes":{"name":"polygon","all_points_x":[152,176,452,446,152],"all_points_y":[586,586,389,388,586]},"region_attributes":{"name":"Llane"}},"1":{"shape_attributes":{"name":"polygon","all_points_x":[574,565,543,550,574],"all_points_y":[427,427,404,404,427]},"region_attributes":{"name":"Slane"}}}},"restmb_allidxmake.jpg135537":{"fileref":"","size":135537,"filename":"restmb_allidxmake.jpg","base64_img_data":"","file_attributes":{},"regions":{"0":{"shape_attributes":{"name":"polygon","all_points_x":[245,266,303,317,314,303,245],"all_points_y":[461,462,321,256,254,293,461]},"region_attributes":{"name":"Llane"}}}},"road.png624738":{"fileref":"","size":624738,"filename":"road.png","base64_img_data":"","file_attributes":{},"regions":{"0":{"shape_attributes":{"name":"polygon","all_points_x":[353,372,384,383,373,363,361,367,372,374,370,353],"all_points_y":[511,511,388,351,323,315,316,322,336,355,398,511]},"region_attributes":{"name":"Llane"}},"1":{"shape_attributes":{"name":"polygon","all_points_x":[114,103,224,232,114],"all_points_y":[433,435,371,371,433]},"region_attributes":{"name":"Slane"}},"2":{"shape_attributes":{"name":"polygon","all_points_x":[282,279,298,301,282],"all_points_y":[344,344,331,331,344]},"region_attributes":{"name":"Slane"}}}},"road1.jpg10065":{"fileref":"","size":10065,"filename":"road1.jpg","base64_img_data":"","file_attributes":{},"regions":{"0":{"shape_attributes":{"name":"polygon","all_points_x":[161,186,187,192,192,185,172,161,157,156,156,156,160,161],"all_points_y":[87,86,89,88,75,62,60,62,66,72,81,88,89,87]},"region_attributes":{"name":"car"}}}},"road3.jpg97071":{"fileref":"","size":97071,"filename":"road3.jpg","base64_img_data":"","file_attributes":{},"regions":{"0":{"shape_attributes":{"name":"polygon","all_points_x":[479,490,471,462,479],"all_points_y":[213,212,174,175,213]},"region_attributes":{"name":"Slane"}},"1":{"shape_attributes":{"name":"polygon","all_points_x":[520,506,549,566,520],"all_points_y":[263,264,357,355,263]},"region_attributes":{"name":"Slane"}}}},"road4.png590920":{"fileref":"","size":590920,"filename":"road4.png","base64_img_data":"","file_attributes":{},"regions":{"0":{"shape_attributes":{"name":"polygon","all_points_x":[487,519,384,381,487],"all_points_y":[511,511,259,259,511]},"region_attributes":{"name":"Llane"}}}},"road6.png274068":{"fileref":"","size":274068,"filename":"road6.png","base64_img_data":"","file_attributes":{},"regions":{"0":{"shape_attributes":{"name":"polygon","all_points_x":[235,242,319,312,235],"all_points_y":[165,166,154,153,165]},"region_attributes":{"name":"Slane"}}}},"road7.jpg30267":{"fileref":"","size":30267,"filename":"road7.jpg","base64_img_data":"","file_attributes":{},"regions":{"0":{"shape_attributes":{"name":"polygon","all_points_x":[237,276,280,290,292,290,286,281,267,251,245,239,234,233,233,234,238,237],"all_points_y":[303,304,307,305,292,281,277,270,268,268,270,276,282,291,301,306,306,303]},"region_attributes":{"name":"car"}},"1":{"shape_attributes":{"name":"polygon","all_points_x":[306,300,313,317,306],"all_points_y":[317,317,306,307,317]},"region_attributes":{"name":"Slane"}},"2":{"shape_attributes":{"name":"polygon","all_points_x":[424,419,405,412,424],"all_points_y":[319,319,309,310,319]},"region_attributes":{"name":"Slane"}},"3":{"shape_attributes":{"name":"polygon","all_points_x":[328,324,329,333,328],"all_points_y":[299,299,294,294,299]},"region_attributes":{"name":"Slane"}},"4":{"shape_attributes":{"name":"polygon","all_points_x":[398,395,390,394,398],"all_points_y":[301,302,297,297,301]},"region_attributes":{"name":"Slane"}},"5":{"shape_attributes":{"name":"polygon","all_points_x":[408,393,391,390,392,402,409,411,412,412,410,408],"all_points_y":[285,285,284,276,269,267,268,274,276,283,287,285]},"region_attributes":{"name":"car"}}}},"road11..jpg71297":{"fileref":"","size":71297,"filename":"road11..jpg","base64_img_data":"","file_attributes":{},"regions":{"0":{"shape_attributes":{"name":"polygon","all_points_x":[184,217,496,487,184],"all_points_y":[601,601,378,378,601]},"region_attributes":{"name":"Llane"}},"1":{"shape_attributes":{"name":"polygon","all_points_x":[852,819,553,559,852],"all_points_y":[599,599,380,378,599]},"region_attributes":{"name":"Llane"}},"2":{"shape_attributes":{"name":"polygon","all_points_x":[536,512,510,515,525,534,537,538,536],"all_points_y":[371,372,362,352,350,351,359,367,371]},"region_attributes":{"name":"car"}}}},"road12..jpg81172":{"fileref":"","size":81172,"filename":"road12..jpg","base64_img_data":"","file_attributes":{},"regions":{"0":{"shape_attributes":{"name":"polygon","all_points_x":[134,165,483,477,134],"all_points_y":[502,501,272,272,502]},"region_attributes":{"name":"Llane"}},"1":{"shape_attributes":{"name":"polygon","all_points_x":[815,782,541,548,815],"all_points_y":[493,495,275,275,493]},"region_attributes":{"name":"Llane"}}}},"road13..jpg78738":{"fileref":"","size":78738,"filename":"road13..jpg","base64_img_data":"","file_attributes":{},"regions":{"0":{"shape_attributes":{"name":"polygon","all_points_x":[934,896,562,565,926,934],"all_points_y":[569,570,349,347,566,569]},"region_attributes":{"name":"Llane"}}}},"road14..jpg84618":{"fileref":"","size":84618,"filename":"road14..jpg","base64_img_data":"","file_attributes":{},"regions":{"0":{"shape_attributes":{"name":"polygon","all_points_x":[601,609,586,581,601],"all_points_y":[389,389,370,372,389]},"region_attributes":{"name":"Slane"}},"1":{"shape_attributes":{"name":"polygon","all_points_x":[630,599,589,585,589,595,607,625,628,631,634,634,630],"all_points_y":[355,358,357,344,338,330,325,326,329,334,342,354,355]},"region_attributes":{"name":"car"}},"2":{"shape_attributes":{"name":"polygon","all_points_x":[538,516,512,516,527,536,541,541,538],"all_points_y":[349,350,341,330,328,330,337,342,349]},"region_attributes":{"name":"car"}},"3":{"shape_attributes":{"name":"polygon","all_points_x":[254,226,488,492,254],"all_points_y":[549,550,358,359,549]},"region_attributes":{"name":"Llane"}}}},"road15..jpg99980":{"fileref":"","size":99980,"filename":"road15..jpg","base64_img_data":"","file_attributes":{},"regions":{"0":{"shape_attributes":{"name":"polygon","all_points_x":[291,310,377,359,291],"all_points_y":[532,532,480,481,532]},"region_attributes":{"name":"Slane"}},"1":{"shape_attributes":{"name":"polygon","all_points_x":[416,405,433,443,419,416],"all_points_y":[456,453,431,432,453,456]},"region_attributes":{"name":"Slane"}},"2":{"shape_attributes":{"name":"polygon","all_points_x":[468,452,464,476,468],"all_points_y":[408,419,420,409,408]},"region_attributes":{"name":"Slane"}}}}}