{"1-5-600x285.jpg30805":{"fileref":"","size":30805,"filename":"1-5-600x285.jpg","base64_img_data":"","file_attributes":{},"regions":{"0":{"shape_attributes":{"name":"polygon","all_points_x":[192,314,324,209,197,192],"all_points_y":[279,156,156,285,284,279]},"region_attributes":{"name":"line"}},"1":{"shape_attributes":{"name":"polygon","all_points_x":[94,69,54,52,85,99,138,162,168,179,176,172,149,125,94],"all_points_y":[200,203,196,181,165,146,142,146,153,153,168,175,186,195,200]},"region_attributes":{"name":"car"}},"2":{"shape_attributes":{"name":"polygon","all_points_x":[416,412,409,409,409,412,416,416,418,421,437,453,461,465,466,460,464,461,457,454,444,422,416],"all_points_y":[135,142,148,156,160,159,163,166,168,165,170,170,170,168,157,148,147,144,146,137,136,134,135]},"region_attributes":{"name":"car"}},"3":{"shape_attributes":{"name":"polygon","all_points_x":[489,488,489,490,493,498,510,515,518,525,542,580,585,587,574,566,570,561,550,539,506,495,489],"all_points_y":[145,151,158,163,166,164,171,173,179,179,180,182,178,164,155,154,151,147,141,139,139,143,145]},"region_attributes":{"name":"car"}}}},"194BC8274BF609635C99F3.jpg41234":{"fileref":"","size":41234,"filename":"194BC8274BF609635C99F3.jpg","base64_img_data":"","file_attributes":{},"regions":{"0":{"shape_attributes":{"name":"polygon","all_points_x":[59,126,147,61,59],"all_points_y":[155,298,298,152,155]},"region_attributes":{"name":"line"}},"1":{"shape_attributes":{"name":"polygon","all_points_x":[234,246,171,165,234],"all_points_y":[269,267,216,217,269]},"region_attributes":{"name":"line"}},"2":{"shape_attributes":{"name":"polygon","all_points_x":[155,150,122,128,155],"all_points_y":[207,207,187,187,207]},"region_attributes":{"name":"line"}},"3":{"shape_attributes":{"name":"polygon","all_points_x":[119,115,103,108,119],"all_points_y":[180,181,170,170,180]},"region_attributes":{"name":"line"}}}},"21063F335661441726.jpg121418":{"fileref":"","size":121418,"filename":"21063F335661441726.jpg","base64_img_data":"","file_attributes":{},"regions":{"0":{"shape_attributes":{"name":"polygon","all_points_x":[13,33,255,246,13],"all_points_y":[293,294,185,185,293]},"region_attributes":{"name":"line"}},"1":{"shape_attributes":{"name":"polygon","all_points_x":[63,37,273,283,63],"all_points_y":[304,305,179,178,304]},"region_attributes":{"name":"line"}},"2":{"shape_attributes":{"name":"polygon","all_points_x":[313,322,323,371,376,384,386,381,387,378,374,340,323,316,308,307,316,312,313],"all_points_y":[180,181,175,176,181,180,148,143,141,137,126,122,126,139,139,144,146,163,180]},"region_attributes":{"name":"car"}},"3":{"shape_attributes":{"name":"polygon","all_points_x":[125,131,132,166,175,182,182,185,188,189,188,182,175,139,131,124,126,126,121,123,125],"all_points_y":[169,169,165,165,169,167,162,166,166,151,140,127,121,120,131,132,135,140,148,160,169]},"region_attributes":{"name":"car"}},"4":{"shape_attributes":{"name":"polygon","all_points_x":[398,405,411,437,442,447,449,442,438,412,406,400,398,398,398,398],"all_points_y":[164,163,159,160,164,164,145,133,127,125,129,138,144,155,161,164]},"region_attributes":{"name":"car"}}}}}